event_id,team,module,priority,build_time_min,deploy_time_min,commit_size_loc,num_bugs,test_coverage_pct,ticket_resolution_h,deploy_status
2504,Beta,ui,alta,4.6,2.12,281,2,82.2,4.9,success
3510,Gamma,api,alta,8.2,3.04,394,2,90.0,4.35,success
4267,Delta,payments,media,7.21,3.83,34,0,85.9,4.08,success
1610,Delta,ui,baja,7.42,4.63,55,0,84.2,7.36,success
3358,Delta,api,alta,11.32,6.6,229,2,93.3,5.63,success
3957,Gamma,api,alta,19.16,2.13,140,0,82.5,3.91,success
585,Gamma,ui,media,20.27,1.61,49,0,88.9,,success
1908,Alpha,ui,baja,4.0,1.32,250,2,74.8,12.14,success
4398,Alpha,auth,alta,21.49,4.71,177,0,85.1,3.06,success
1670,Alpha,ui,alta,9.34,4.53,418,0,84.2,4.0,success
4208,Alpha,ui,baja,6.31,2.98,123,1,90.9,9.37,success
3984,Alpha,ui,baja,8.04,1.73,175,0,88.2,11.58,success
950,Alpha,payments,baja,9.57,3.77,129,1,81.4,6.69,failed
2989,Delta,notifications,baja,7.23,4.73,59,2,83.1,20.98,success
487,Beta,notifications,media,3.99,5.26,57,1,88.2,6.04,success
1731,Gamma,api,media,11.47,5.27,136,0,87.8,7.36,success
1129,Delta,notifications,media,4.38,3.95,186,0,87.6,4.91,success
2689,Beta,ui,baja,6.3,2.88,315,0,68.0,5.86,success
3617,Alpha,api,critica,7.77,2.41,148,1,92.4,8.5,success
180,Alpha,ui,baja,6.26,1.69,206,1,81.3,8.91,success
2419,Alpha,auth,critica,4.97,3.58,244,1,78.3,2.81,success
4266,Alpha,ui,baja,8.05,3.24,57,0,95.5,17.18,success
298,Gamma,api,alta,6.0,4.66,47,1,76.6,7.82,success
1892,Alpha,ui,baja,7.27,4.83,81,0,83.5,4.76,success
4384,Gamma,api,critica,7.39,4.49,454,2,92.7,7.22,success
280,Alpha,api,alta,9.24,2.42,17,1,76.3,6.92,success
229,Alpha,search,baja,3.65,4.01,90,2,64.5,7.3,rolled_back
1502,Delta,auth,media,12.65,3.31,145,0,97.0,5.34,success
1838,Gamma,payments,baja,9.31,2.59,144,1,84.9,7.02,success
3656,Gamma,search,media,8.17,4.76,217,1,87.3,13.63,success
3993,Alpha,api,baja,13.09,5.96,149,0,92.0,9.21,success
2314,Alpha,search,alta,4.26,3.36,76,0,83.8,4.26,success
842,Beta,ui,baja,7.86,5.46,134,1,85.1,11.74,success
169,Alpha,api,media,3.49,4.28,88,1,85.5,4.16,success
4968,Alpha,api,media,8.79,2.19,143,1,90.5,4.71,success
1814,Beta,api,baja,14.15,2.63,64,0,84.8,3.29,success
4140,Delta,ui,alta,7.35,3.34,61,1,69.8,3.34,success
1770,Alpha,ui,media,4.61,4.69,112,0,78.3,8.84,success
1030,Alpha,api,media,4.27,4.13,108,1,89.0,34.55,success
4234,Delta,auth,alta,14.06,3.59,244,1,88.8,5.72,success
2810,Alpha,auth,critica,10.78,2.98,92,0,90.9,2.04,success
4543,Beta,ui,critica,8.74,5.75,77,0,83.8,25.4,success
2298,Beta,search,alta,8.14,5.65,184,1,93.9,6.97,success
3979,Gamma,auth,baja,11.61,3.14,163,2,95.9,3.49,success
2108,Beta,api,baja,6.48,3.16,238,1,76.3,5.01,success
4089,Beta,ui,media,8.96,5.43,62,0,69.4,2.27,success
1011,Beta,auth,media,6.4,5.71,523,2,,7.63,success
2998,Beta,api,media,7.4,3.94,137,2,85.5,4.11,success
554,Delta,api,baja,6.5,3.94,65,0,83.2,4.54,success
2803,Delta,auth,baja,5.92,2.74,136,1,72.1,2.73,success
3146,Alpha,ui,media,6.36,4.69,59,1,91.2,2.78,success
30,Delta,notifications,alta,15.4,2.11,117,0,87.1,12.61,success
1221,Beta,search,critica,9.59,7.28,118,0,89.2,2.87,success
1599,Delta,payments,alta,5.16,3.15,70,3,85.7,6.32,failed
1757,Beta,api,media,5.01,3.71,349,1,91.9,3.86,failed
2516,Delta,search,media,3.97,2.13,169,1,87.3,3.76,success
4524,Gamma,api,media,6.39,3.39,38,1,78.5,15.91,failed
3918,Gamma,payments,alta,9.8,3.19,111,2,95.7,4.53,success
3155,Delta,notifications,critica,3.77,4.14,181,0,92.4,2.95,success
1457,Alpha,payments,critica,4.62,3.77,240,1,93.9,3.83,success
2285,Gamma,search,baja,5.48,5.31,79,0,96.2,14.39,success
4875,Alpha,ui,baja,5.47,2.05,63,0,95.9,4.66,success
1593,Gamma,payments,media,5.58,3.75,73,0,81.5,23.69,success
4217,Alpha,notifications,baja,3.66,4.65,40,0,71.3,8.88,success
66,Beta,payments,baja,13.0,5.85,227,1,79.6,13.07,success
3927,Beta,auth,baja,5.61,2.66,150,1,68.3,28.74,success
4731,Alpha,ui,alta,7.87,3.33,261,3,77.1,5.94,success
2985,Alpha,auth,baja,8.69,2.35,84,0,76.2,10.02,success
1421,Delta,payments,critica,9.39,4.49,103,1,82.9,2.38,success
1870,Delta,auth,media,4.96,5.05,188,1,83.8,4.76,rolled_back
24,Delta,payments,baja,8.55,6.37,268,0,78.7,15.62,success
241,Alpha,api,media,8.97,3.35,78,0,88.6,3.17,success
2711,Beta,notifications,alta,5.99,3.25,107,1,89.0,6.26,success
1552,Beta,payments,media,5.78,5.26,139,0,88.8,23.41,success
469,Delta,auth,media,6.28,1.91,75,2,84.9,4.23,success
545,Beta,search,baja,6.57,3.32,106,1,82.3,7.37,success
1903,Alpha,payments,baja,5.11,3.34,189,0,80.8,12.56,success
228,Delta,auth,alta,3.32,3.19,294,4,94.4,8.91,success
4934,Beta,auth,alta,6.1,3.61,170,3,85.9,5.65,rolled_back
4449,Alpha,ui,media,5.01,1.51,56,1,76.4,4.15,success
4069,Beta,ui,critica,5.0,3.02,152,2,90.9,14.21,success
1752,Beta,search,media,14.31,3.73,172,0,89.8,23.26,success
4385,Alpha,search,baja,6.75,5.64,224,0,81.4,2.73,success
3816,Gamma,ui,critica,4.78,4.61,258,0,83.0,4.36,success
4644,Alpha,auth,baja,9.01,3.82,208,0,83.1,18.37,success
85,Alpha,notifications,baja,8.65,4.9,212,1,89.8,12.22,success
539,Beta,ui,media,12.54,1.78,229,3,61.4,20.55,success
3977,Alpha,auth,baja,5.92,4.7,24,0,92.4,8.32,success
472,Gamma,api,baja,6.31,2.9,126,0,91.2,,success
2830,Gamma,payments,media,12.56,3.76,461,2,83.1,5.54,success
2793,Gamma,notifications,media,7.5,,244,6,61.3,5.91,success
692,Gamma,api,alta,9.56,5.13,372,1,85.6,1.03,success
4386,Gamma,api,alta,5.6,4.51,156,1,90.0,2.76,rolled_back
878,Beta,notifications,alta,9.53,3.08,117,0,73.1,8.86,success
1269,Alpha,api,critica,4.03,2.09,50,0,80.4,1.69,success
158,Beta,api,media,7.56,3.22,303,1,84.6,11.96,success
2697,Gamma,api,baja,6.87,2.72,159,2,69.7,3.4,success
4728,Alpha,notifications,baja,6.04,2.31,67,0,94.1,4.98,success
829,Delta,api,alta,9.4,1.93,103,1,91.8,2.15,success
2805,Gamma,notifications,baja,6.56,1.66,40,0,84.3,6.97,success
492,Alpha,search,baja,3.78,2.48,131,0,87.4,7.18,success
4902,Alpha,api,alta,7.84,4.41,233,2,73.7,1.97,success
3772,Beta,api,baja,8.72,4.03,43,0,90.4,68.16,success
2819,Alpha,notifications,alta,8.29,5.1,80,2,78.1,8.57,success
1437,Alpha,ui,baja,8.83,1.45,87,0,89.0,5.66,success
107,Gamma,search,media,5.59,3.16,11,0,93.0,11.76,success
4872,Alpha,ui,baja,10.18,4.9,153,2,82.1,,success
3633,Delta,search,baja,3.53,4.44,159,0,96.0,28.34,success
1535,Delta,api,media,7.03,4.55,12,0,86.9,10.03,success
2223,Gamma,api,critica,4.98,5.22,236,1,96.4,9.46,success
80,Gamma,api,baja,5.8,3.93,68,1,81.2,25.16,success
2192,Gamma,ui,baja,12.51,4.28,46,0,88.9,10.11,success
4564,Gamma,ui,baja,8.99,5.78,44,0,91.2,10.8,success
4424,Alpha,api,media,4.37,2.79,94,0,87.8,2.46,success
200,Alpha,auth,baja,6.36,6.16,178,1,94.5,2.11,success
2797,Beta,api,alta,6.19,2.51,182,1,71.1,2.52,success
600,Beta,ui,baja,8.6,2.6,173,1,95.9,6.06,success
486,Beta,payments,alta,5.58,3.36,286,1,85.5,10.2,success
1048,Alpha,ui,media,5.98,2.45,60,1,82.1,6.84,success
3907,Beta,ui,baja,8.63,3.28,356,2,84.9,16.79,success
1076,Alpha,payments,alta,9.13,2.3,140,2,73.3,3.41,success
843,Delta,api,media,5.69,3.08,200,5,97.9,8.45,rolled_back
3596,Gamma,api,baja,7.64,2.57,101,0,97.8,8.4,failed
2611,Beta,payments,alta,6.83,8.18,201,2,85.9,9.03,success
1371,Beta,search,media,5.8,4.03,39,1,95.9,5.17,success
4716,Gamma,ui,alta,13.17,1.98,157,0,,4.45,success
1323,Gamma,ui,media,9.54,2.36,367,1,89.2,13.6,success
502,Gamma,auth,media,13.63,4.99,71,1,76.2,19.39,success
4100,Alpha,search,alta,12.9,2.71,107,2,83.7,5.39,success
1021,Alpha,api,media,7.53,4.94,64,0,94.4,11.42,success
2095,Delta,payments,critica,7.32,4.76,294,1,91.7,17.09,success
4692,Alpha,payments,media,7.94,1.39,250,1,93.6,4.25,success
4672,Alpha,search,baja,9.36,1.51,246,1,78.7,19.52,success
2073,Beta,api,media,3.91,3.05,149,0,85.1,5.54,success
3101,Alpha,payments,baja,4.97,0.81,62,2,63.6,7.4,success
4164,Beta,ui,baja,6.6,4.18,50,1,90.8,11.63,success
684,Gamma,ui,alta,5.91,,36,1,76.7,4.65,success
2081,Gamma,payments,baja,3.34,4.74,20,0,82.1,6.42,success
4090,Delta,notifications,baja,7.18,2.27,135,1,81.6,10.46,success
1210,Beta,ui,alta,5.7,4.82,129,2,72.0,12.27,success
415,Alpha,api,baja,5.96,2.4,220,0,72.4,8.08,success
1488,Beta,ui,media,9.16,2.52,5,0,79.0,16.13,success
394,Delta,api,media,3.91,2.34,184,2,80.1,10.53,success
4421,Alpha,ui,media,4.5,1.88,125,2,95.8,25.29,success
4161,Alpha,auth,media,10.2,3.06,76,1,86.4,3.8,success
430,Delta,api,baja,5.6,2.81,209,0,,17.3,success
2145,Beta,api,baja,17.68,4.3,12,0,89.6,7.71,success
1294,Alpha,ui,baja,10.61,3.9,155,0,88.6,6.36,success
4232,Alpha,auth,media,7.29,3.59,217,2,95.1,5.47,success
3493,Beta,auth,media,11.87,2.7,26,1,82.9,16.26,success
1074,Gamma,search,alta,4.42,1.96,244,2,85.6,9.57,success
1259,Beta,search,alta,8.05,3.86,63,1,90.5,3.21,success
808,Alpha,search,media,13.41,4.32,165,2,78.6,8.35,success
498,Beta,ui,media,6.58,2.78,150,0,81.6,12.46,success
4193,Delta,notifications,media,9.31,3.15,42,1,88.6,13.77,success
3845,Alpha,search,media,5.34,4.43,69,0,91.7,18.54,success
374,Beta,auth,alta,5.43,5.69,33,1,93.4,1.38,success
725,Alpha,payments,baja,4.3,2.36,262,1,62.9,14.23,success
1171,Alpha,ui,media,5.21,4.9,186,1,84.5,8.49,success
4834,Delta,search,media,15.24,3.29,55,0,88.9,,success
995,Delta,notifications,media,4.15,2.71,100,3,84.3,2.52,success
3209,Alpha,payments,media,6.76,4.51,99,1,78.9,5.34,success
3519,Beta,ui,media,8.12,5.98,88,2,80.2,20.5,success
9,Gamma,search,critica,5.26,3.34,81,2,81.2,5.83,success
2908,Beta,notifications,media,7.79,8.37,179,1,90.0,6.89,success
1898,Delta,payments,baja,11.41,4.71,314,0,82.7,12.34,success
2104,Alpha,auth,media,4.33,4.86,102,0,90.5,7.61,success
145,Beta,auth,baja,8.9,6.78,173,2,91.2,15.81,success
812,Beta,auth,alta,6.72,3.98,200,1,91.1,4.63,success
2742,Gamma,auth,baja,7.85,2.35,95,1,80.4,14.05,success
297,Beta,notifications,baja,4.67,3.28,42,2,80.8,9.15,success
4768,Alpha,search,media,9.53,2.65,134,0,90.1,6.27,success
1145,Alpha,payments,alta,8.5,5.43,104,1,96.2,8.83,success
152,Gamma,payments,media,3.29,2.53,100,0,,13.44,success
4528,Beta,payments,media,5.77,5.64,14,0,87.5,10.79,success
2187,Beta,ui,critica,9.47,5.67,30,1,89.3,7.3,failed
4591,Beta,notifications,media,5.4,3.28,159,0,93.6,3.98,success
1967,Delta,ui,baja,5.45,6.36,45,0,84.8,2.05,success
1449,Gamma,auth,media,6.63,3.42,231,0,81.6,16.31,success
4842,Delta,api,media,8.68,2.75,43,0,89.6,,success
4405,Delta,ui,media,5.22,2.3,81,0,79.6,10.96,success
1392,Gamma,api,media,6.69,2.62,260,1,75.5,6.03,success
4781,Alpha,auth,baja,1.98,3.09,7,0,87.0,7.91,success
3632,Gamma,ui,media,10.57,3.18,135,3,,7.26,success
1406,Gamma,api,baja,8.14,3.52,171,1,87.2,8.02,success
1973,Alpha,api,baja,15.32,2.99,114,0,90.6,3.95,success
4887,Beta,auth,baja,16.45,2.62,12,0,95.4,16.86,success
4615,Gamma,auth,media,11.53,5.71,160,2,71.1,13.68,success
1438,Beta,api,media,3.86,2.02,67,1,67.8,10.98,success
2406,Beta,notifications,alta,8.86,5.72,94,0,82.4,3.69,success
4258,Alpha,notifications,media,6.11,4.85,189,1,92.4,28.28,failed
2320,Alpha,ui,media,5.07,2.26,448,5,77.9,2.95,failed
3785,Beta,ui,media,11.56,3.78,359,3,,14.03,success
101,Alpha,auth,media,3.21,1.39,137,1,90.8,21.35,success
2818,Alpha,api,critica,4.36,3.9,203,3,74.5,3.34,success
3415,Gamma,payments,media,14.83,2.14,265,3,94.3,12.71,success
2900,Alpha,payments,baja,7.53,4.24,16,0,90.7,4.62,success
4051,Gamma,payments,baja,9.81,3.12,151,0,85.9,9.54,success
2610,Beta,auth,baja,5.86,1.93,105,0,81.3,6.91,success
1211,Alpha,search,media,13.77,2.05,84,0,88.3,5.08,success
4750,Delta,ui,alta,7.94,4.76,203,1,75.0,5.09,success
3249,Delta,auth,baja,6.45,2.94,69,1,82.4,6.92,success
2390,Gamma,api,baja,5.55,3.29,45,2,90.1,8.81,success
1766,Gamma,payments,baja,5.45,1.63,85,0,81.3,7.4,success
2695,Beta,ui,media,13.15,2.84,67,0,77.1,7.11,success
556,Alpha,payments,baja,5.65,3.11,258,1,80.6,10.58,success
4596,Gamma,api,critica,9.91,4.51,130,1,88.4,3.79,success
4061,Beta,notifications,media,9.16,3.25,113,2,80.6,6.09,success
249,Alpha,api,baja,14.67,2.09,136,1,87.7,10.27,success
677,Gamma,payments,baja,9.67,2.42,51,0,87.3,11.11,success
1619,Alpha,auth,alta,8.78,,40,1,83.9,4.5,success
2628,Beta,auth,media,16.3,4.26,189,2,87.8,5.79,success
1841,Beta,auth,baja,10.6,2.89,113,1,81.7,5.25,success
4862,Alpha,ui,critica,10.41,12.62,131,1,82.1,6.08,success
3309,Delta,ui,alta,9.92,3.18,61,0,80.2,18.24,success
654,Beta,payments,media,18.18,1.97,180,3,76.0,8.04,success
4801,Beta,payments,media,18.32,3.15,69,0,90.7,20.78,success
3529,Delta,ui,critica,7.92,3.31,177,3,92.9,1.71,success
1484,Alpha,payments,baja,9.09,1.29,59,1,71.2,5.14,success
4013,Alpha,api,alta,3.56,2.98,41,0,89.3,,success
1500,Beta,notifications,media,8.03,7.0,37,0,79.7,5.27,success
3007,Beta,api,baja,6.55,4.75,154,0,91.3,19.05,success
1554,Beta,ui,baja,4.59,6.2,81,1,83.1,16.16,success
1182,Beta,auth,baja,8.71,2.61,94,0,87.6,21.19,success
3211,Delta,search,media,4.72,3.21,271,2,65.2,10.04,success
4850,Beta,ui,media,13.64,3.04,32,0,86.2,4.5,success
590,Beta,search,media,9.74,4.15,144,1,92.6,2.65,success
3932,Gamma,auth,alta,1.62,3.24,122,2,83.7,5.68,success
34,Beta,api,baja,15.1,4.67,226,5,80.7,33.11,rolled_back
2795,Gamma,search,alta,10.6,5.52,155,1,94.9,9.65,success
4971,Gamma,ui,alta,8.06,4.05,108,0,91.7,11.93,success
4337,Gamma,search,alta,8.43,2.09,87,0,91.4,10.21,success
2673,Delta,api,media,10.58,2.64,315,2,94.1,7.61,success
1398,Beta,auth,baja,6.41,1.88,246,0,80.2,24.1,success
2267,Alpha,payments,media,5.77,1.65,72,0,77.8,7.02,success
3188,Gamma,notifications,critica,4.97,3.43,106,0,95.5,1.22,success
4435,Alpha,payments,baja,11.55,2.75,50,0,76.5,32.71,success
3706,Beta,ui,alta,21.87,6.5,139,1,97.4,2.13,success
3280,Beta,payments,alta,11.24,6.15,81,2,86.7,33.03,success
2006,Alpha,auth,alta,14.99,4.6,175,2,84.4,3.73,success
4836,Beta,notifications,critica,6.38,2.02,203,1,83.8,3.06,success
1787,Gamma,api,alta,6.57,4.09,363,1,78.5,37.31,success
2120,Alpha,ui,alta,11.35,2.57,27,0,86.0,11.24,success
4227,Gamma,auth,alta,9.2,3.36,177,1,72.7,2.7,success
3037,Gamma,payments,baja,10.54,1.8,46,0,97.3,25.23,success
231,Gamma,ui,baja,9.08,3.15,50,0,78.5,20.62,success
2017,Alpha,auth,alta,11.2,3.75,48,1,93.8,3.58,success
4687,Beta,search,critica,7.16,2.02,311,3,85.1,0.97,success
334,Delta,api,media,12.0,4.96,240,2,74.4,12.27,success
3873,Gamma,search,baja,4.16,5.68,270,1,69.6,3.13,rolled_back
3805,Gamma,ui,media,9.93,3.61,26,0,87.2,8.33,success
4953,Gamma,api,alta,5.67,2.14,44,1,85.2,12.85,success
2442,Gamma,auth,baja,21.77,4.78,142,0,85.4,13.66,success
678,Beta,ui,baja,11.47,3.76,311,2,90.8,13.81,success
3465,Delta,auth,critica,5.91,2.18,111,1,70.4,1.99,success
2726,Beta,ui,alta,5.31,2.6,206,3,96.2,3.81,success
4710,Beta,payments,alta,10.53,2.23,111,0,88.8,4.05,success
3635,Alpha,api,critica,5.28,2.75,353,0,89.0,2.18,success
1109,Beta,search,baja,3.48,2.72,16,0,90.9,8.33,success
3427,Alpha,api,alta,10.25,2.72,73,0,86.7,5.35,success
3537,Gamma,auth,media,4.18,2.65,27,1,82.5,2.53,success
2234,Alpha,ui,alta,7.42,4.14,430,3,81.9,5.27,success
4220,Beta,payments,baja,11.91,3.17,81,0,94.8,8.54,success
1150,Beta,ui,media,4.08,2.5,59,1,91.1,37.19,success
3657,Beta,ui,baja,8.79,3.49,33,0,91.6,3.82,success
3669,Beta,notifications,alta,23.24,4.64,200,3,81.0,1.34,success
3685,Delta,auth,media,3.11,4.29,31,0,75.8,2.49,success
4255,Alpha,auth,media,10.6,3.2,202,1,93.5,8.81,success
799,Alpha,payments,baja,3.37,2.23,53,0,71.6,2.05,success
587,Alpha,api,baja,3.58,4.06,150,1,90.5,6.06,success
1790,Beta,api,media,9.1,2.05,70,0,78.5,2.33,success
3618,Alpha,auth,baja,7.75,2.1,195,1,87.0,12.23,success
3264,Gamma,notifications,media,10.15,6.05,88,2,87.6,7.41,success
927,Gamma,search,media,4.36,2.88,209,2,70.2,7.45,success
2846,Gamma,ui,baja,13.94,2.68,300,0,67.7,2.16,success
2237,Alpha,payments,media,9.83,3.39,66,0,71.2,29.77,success
3703,Delta,api,media,5.06,6.55,104,0,86.3,14.86,success
2078,Alpha,search,alta,10.01,3.28,41,0,89.7,1.34,success
150,Alpha,api,baja,13.96,3.11,20,1,64.5,5.69,failed
752,Delta,payments,media,12.91,2.35,161,0,97.7,7.61,success
3923,Alpha,api,media,10.71,1.7,154,1,75.8,1.93,success
3621,Gamma,notifications,media,12.47,2.34,81,1,92.4,7.12,success
13,Alpha,api,baja,8.93,1.93,384,1,82.5,6.77,success
3236,Beta,auth,alta,5.58,3.3,113,1,74.7,9.2,success
4673,Beta,notifications,media,6.26,5.95,146,0,95.4,5.75,success
3335,Delta,auth,critica,29.32,2.91,260,3,88.2,3.98,success
2573,Beta,notifications,baja,5.43,3.58,19,0,83.6,34.07,success
4056,Alpha,ui,baja,10.46,5.22,86,0,71.1,6.14,success
4476,Beta,auth,baja,6.01,5.51,5,0,84.2,10.07,success
1966,Alpha,api,baja,13.55,3.12,56,0,92.9,5.59,success
2289,Alpha,ui,media,5.33,2.54,56,1,77.5,3.83,success
2239,Alpha,search,baja,5.51,4.82,206,0,85.9,5.37,success
423,Gamma,ui,baja,5.25,2.05,111,0,80.4,6.33,success
1706,Alpha,api,baja,5.37,4.84,120,0,88.7,5.69,success
1414,Alpha,search,baja,5.67,1.66,24,0,83.6,2.32,success
1942,Gamma,auth,baja,6.58,3.19,71,0,81.1,10.23,success
3164,Delta,api,media,10.01,2.36,148,1,69.1,9.78,success
4806,Delta,notifications,baja,10.44,2.09,25,0,89.9,15.44,success
4825,Gamma,ui,alta,4.05,4.77,109,2,89.4,8.65,success
2371,Gamma,search,alta,6.71,1.81,251,0,84.3,3.82,success
1053,Delta,api,baja,3.98,4.74,348,2,91.7,17.92,success
4809,Alpha,auth,baja,9.98,4.84,230,1,80.2,7.53,success
1887,Gamma,ui,critica,7.27,4.35,82,1,86.2,8.3,success
811,Alpha,payments,critica,2.27,1.47,155,1,85.7,3.87,success
4574,Delta,ui,alta,13.1,2.09,126,0,89.5,4.73,success
1768,Alpha,api,critica,1.72,4.05,73,1,91.3,1.88,success
747,Alpha,search,media,4.28,8.96,59,0,81.2,5.58,success
2143,Gamma,notifications,alta,7.04,2.87,258,2,76.5,20.22,success
473,Alpha,payments,alta,9.19,4.29,46,0,93.5,6.83,success
133,Alpha,notifications,critica,11.67,2.35,178,2,93.8,9.12,success
1271,Beta,search,critica,9.05,4.92,132,3,81.9,4.1,success
1737,Alpha,api,media,7.08,3.06,87,1,87.4,1.26,success
1504,Beta,api,baja,9.55,2.44,8,0,,5.27,success
3752,Gamma,ui,alta,10.82,2.8,81,3,78.5,3.13,failed
3254,Beta,ui,baja,14.17,5.19,152,1,96.4,4.86,success
4701,Gamma,search,media,5.68,3.1,58,0,81.8,5.77,success
1116,Beta,api,critica,3.85,1.65,438,4,76.5,2.96,success
288,Alpha,api,baja,9.83,3.15,9,0,90.9,16.78,success
3194,Alpha,payments,baja,11.68,3.2,237,1,87.3,3.01,failed
3128,Alpha,auth,baja,13.41,4.21,135,1,73.3,1.81,success
671,Beta,notifications,media,7.0,8.88,88,2,64.7,8.03,success
2699,Delta,api,media,5.22,1.66,184,0,90.0,6.09,success
2842,Alpha,api,media,5.94,1.91,10,0,70.9,21.94,success
4732,Delta,api,critica,5.05,6.12,115,1,93.3,0.77,success
2715,Beta,ui,baja,14.34,1.85,95,3,61.9,6.5,rolled_back
4327,Gamma,api,baja,10.36,6.32,130,2,79.5,8.82,success
2656,Delta,payments,alta,10.91,4.22,62,0,71.2,1.32,success
2925,Beta,search,baja,3.29,3.03,106,0,93.4,3.92,success
839,Gamma,notifications,baja,3.99,4.2,64,0,95.2,5.34,success
3489,Gamma,ui,alta,4.59,6.82,53,0,88.6,32.41,failed
2440,Gamma,notifications,critica,9.43,4.83,80,3,93.8,0.58,success
417,Beta,auth,baja,8.4,3.92,43,0,68.9,2.79,success
1676,Alpha,ui,media,13.27,2.34,94,0,93.6,4.38,success
3502,Alpha,payments,baja,5.09,2.15,162,1,76.2,5.39,success
777,Beta,api,baja,3.44,6.68,226,0,87.0,8.86,success
2883,Alpha,ui,baja,3.06,3.93,78,0,90.3,10.13,success
3040,Beta,ui,media,5.52,3.28,36,1,80.7,7.7,success
1056,Alpha,search,alta,8.93,2.24,55,3,76.5,8.5,success
3810,Alpha,ui,alta,6.01,3.92,91,0,89.1,5.14,success
1537,Alpha,ui,media,7.16,1.86,23,1,85.7,5.21,success
1744,Gamma,api,media,8.51,3.12,302,2,74.9,11.79,success
3874,Beta,api,alta,8.42,8.31,204,0,84.1,1.25,success
1962,Alpha,auth,baja,6.37,2.49,136,1,95.8,6.35,success
506,Beta,api,media,4.82,4.78,82,1,76.3,8.73,success
2089,Gamma,ui,Alta,7.56,3.0,110,0,84.8,13.27,success
4129,Gamma,payments,media,5.59,2.34,57,1,82.0,12.65,success
2577,Gamma,payments,baja,3.61,5.54,99,1,85.4,33.4,success
562,Beta,api,baja,7.72,4.72,279,1,87.2,8.6,success
4682,Beta,ui,alta,2.41,4.77,295,1,91.7,10.81,success
1216,Alpha,ui,media,7.23,2.67,136,0,93.3,4.99,success
1026,Gamma,api,media,9.6,3.46,51,1,74.1,14.44,success
3177,Alpha,notifications,alta,6.67,3.58,432,5,97.3,2.91,success
3636,Alpha,notifications,media,10.67,2.75,108,0,90.8,12.5,success
627,Gamma,payments,baja,9.82,6.65,204,3,80.2,,failed
4777,Delta,api,alta,9.98,5.74,105,1,84.8,4.72,success
531,Alpha,payments,media,7.7,3.29,57,0,92.8,6.03,success
4054,Alpha,api,media,16.33,5.78,11,1,83.7,3.2,success
427,Alpha,payments,media,6.74,4.53,62,1,73.1,6.53,success
1478,Beta,api,baja,7.69,2.62,144,1,90.6,1.64,success
3692,Beta,ui,media,6.04,5.05,23,0,90.6,3.48,success
1159,Alpha,api,media,8.29,2.61,101,1,86.7,11.23,success
2604,Gamma,search,alta,5.71,3.53,134,2,75.7,1.11,success
1198,Alpha,search,media,5.41,2.57,126,0,92.0,26.11,success
801,Gamma,notifications,media,6.4,2.18,152,1,72.1,2.54,success
764,Delta,search,alta,13.15,1.71,486,2,,2.42,success
2698,Beta,ui,alta,8.3,3.93,68,0,90.3,2.55,success
291,Delta,payments,baja,6.28,3.34,88,1,80.7,8.1,success
2880,Beta,payments,media,3.22,2.86,63,0,87.5,12.86,success
253,Beta,api,media,5.65,3.15,205,1,95.5,9.99,success
3259,Beta,payments,media,4.1,2.28,263,6,73.6,2.05,failed
351,Gamma,search,media,9.19,3.91,178,0,88.9,1.08,success
1979,Delta,auth,alta,5.97,3.36,107,0,75.0,3.15,success
3009,Beta,api,baja,5.36,4.09,509,2,73.6,7.46,success
1601,Beta,ui,media,4.76,2.37,95,2,80.7,4.32,success
1938,Beta,search,alta,8.24,2.04,87,0,96.7,2.18,success
91,Alpha,payments,alta,2.92,4.2,208,0,84.0,7.28,success
2856,Alpha,ui,baja,4.24,5.1,30,0,80.3,6.71,success
4330,Beta,ui,alta,7.51,3.26,9,1,72.5,6.53,success
897,Beta,payments,baja,7.13,3.91,65,0,93.0,5.12,success
3054,Beta,api,critica,7.29,5.73,120,0,81.1,6.97,success
27,Alpha,payments,baja,13.74,6.46,85,0,,20.12,success
1715,Beta,ui,baja,7.59,3.46,193,0,96.6,11.44,success
3981,Alpha,auth,baja,13.98,3.82,45,0,94.8,12.72,success
3850,Beta,api,media,7.67,8.39,54,0,93.2,8.18,success
3226,Alpha,ui,baja,6.0,3.77,205,0,87.6,11.91,success
3961,Alpha,payments,baja,6.78,3.27,59,0,91.8,5.58,success
2635,Gamma,ui,critica,14.12,3.03,252,1,75.9,4.19,success
4035,Beta,notifications,media,6.31,3.48,22,0,69.5,9.76,success
1213,Beta,payments,media,6.82,3.05,82,3,87.8,5.49,success
2324,Alpha,notifications,alta,5.09,4.81,102,2,95.3,6.43,success
3261,Beta,api,media,7.45,2.44,219,1,81.4,14.51,success
4087,Delta,ui,critica,5.05,3.68,63,3,78.2,3.31,rolled_back
255,Gamma,auth,media,15.71,2.67,64,0,93.2,7.04,success
4811,Alpha,api,baja,4.38,4.06,112,0,86.5,6.87,success
735,Alpha,auth,alta,14.25,2.88,108,1,88.8,16.33,success
2857,Beta,payments,baja,10.0,3.49,154,0,73.8,4.63,success
4319,Beta,api,media,10.47,3.43,60,0,84.4,9.88,success
2523,Gamma,payments,media,6.8,3.37,83,2,93.8,6.55,success
2587,Gamma,payments,critica,6.71,3.37,121,1,97.9,11.57,success
4702,Delta,api,media,10.67,2.72,39,1,84.0,7.14,success
1188,Gamma,auth,media,9.88,4.34,31,0,90.8,6.22,success
2487,Beta,ui,media,4.74,4.09,19,1,89.1,7.24,success
4656,Gamma,auth,baja,10.07,1.83,59,0,84.1,34.72,success
316,Alpha,payments,critica,8.02,3.02,234,1,61.2,1.11,success
1261,Alpha,ui,baja,5.06,1.97,135,0,96.5,14.79,success
2365,Beta,payments,baja,7.73,3.73,162,0,77.4,3.92,success
3843,Gamma,api,baja,8.22,2.69,101,1,85.0,5.37,success
1413,Beta,api,baja,10.97,4.53,61,0,83.2,6.66,failed
2303,Delta,api,baja,13.02,4.37,107,2,82.3,9.43,failed
3130,Gamma,auth,alta,2.97,4.93,31,2,71.0,5.54,success
70,Gamma,api,media,17.09,3.89,14,0,84.0,18.59,success
1823,Beta,payments,baja,6.5,2.07,99,0,90.0,2.18,success
1895,Delta,ui,critica,11.34,3.68,98,1,93.1,4.59,success
1655,Beta,auth,baja,6.35,1.89,32,0,88.4,9.61,success
1544,Beta,payments,media,10.97,4.06,49,1,82.1,6.23,success
2858,Alpha,payments,alta,7.72,3.62,54,0,90.5,6.25,success
3120,Delta,api,baja,2.79,5.96,199,1,88.7,54.61,failed
4027,Delta,auth,baja,18.63,4.98,13,0,86.5,13.02,success
656,Alpha,auth,baja,6.26,2.3,116,0,85.5,2.81,success
1256,Delta,api,media,11.19,5.97,387,0,94.5,12.72,success
2588,Gamma,api,alta,4.75,3.45,155,2,83.0,4.37,success
4909,Alpha,notifications,alta,8.41,2.45,43,0,97.5,3.04,success
3086,Alpha,ui,alta,5.96,5.88,65,1,95.6,12.48,success
1375,Alpha,ui,critica,6.5,3.16,70,1,82.7,4.04,success
3541,Delta,api,media,6.83,6.19,103,1,77.4,8.5,success
388,Alpha,ui,baja,8.4,3.78,42,0,76.0,10.69,success
3668,Beta,api,baja,4.85,2.2,189,1,81.5,3.55,success
4222,Gamma,ui,baja,4.11,2.13,25,0,83.8,20.95,success
2823,Delta,ui,alta,6.43,2.09,82,1,86.3,14.4,success
3989,Beta,payments,media,12.99,4.73,47,0,91.9,3.41,success
4653,Beta,ui,media,3.45,4.2,193,1,78.7,4.06,success
411,Alpha,api,media,9.43,6.15,345,1,84.8,45.97,success
788,Beta,ui,media,3.63,4.92,111,1,82.1,9.08,success
110,Alpha,payments,baja,3.02,3.06,95,1,79.5,4.52,success
2522,Alpha,auth,media,7.47,1.78,226,0,84.9,3.67,success
1667,Beta,api,media,4.35,3.89,117,0,78.9,5.53,success
3372,Alpha,auth,media,3.36,3.91,59,0,85.7,9.59,success
2608,Alpha,payments,baja,4.36,5.18,163,2,60.8,11.26,success
4727,Delta,api,baja,10.57,2.25,189,2,91.8,6.31,success
682,Gamma,payments,media,7.18,4.4,259,1,84.8,4.13,success
466,Alpha,ui,media,7.56,3.71,213,1,93.2,25.97,success
813,Beta,auth,media,6.4,3.78,49,0,86.7,1.71,success
2649,Alpha,auth,baja,7.46,,119,1,,4.0,success
1176,Beta,api,media,8.08,2.08,651,6,95.2,7.3,success
2806,Delta,payments,baja,5.6,5.2,127,0,86.2,7.25,success
1322,Gamma,api,baja,8.99,2.66,203,0,97.4,12.18,success
997,Beta,api,alta,8.75,3.26,67,0,82.4,12.06,success
1193,Alpha,api,alta,6.04,2.49,18,1,89.4,6.24,success
4419,Gamma,api,media,8.81,1.83,53,0,89.3,8.83,success
1506,Gamma,payments,media,7.27,2.5,63,1,96.2,8.57,success
2859,Delta,payments,baja,11.5,2.86,46,0,87.7,13.33,success
2216,Delta,api,baja,9.61,2.03,105,1,67.4,13.77,success
2971,Beta,search,media,9.04,2.46,423,2,79.6,8.82,success
2268,Beta,ui,critica,3.45,2.67,194,0,79.4,1.9,success
3928,Gamma,ui,baja,6.68,2.99,75,0,82.7,4.26,success
178,Beta,api,baja,9.2,4.25,82,1,81.5,25.66,success
3454,Alpha,ui,baja,15.69,,59,1,90.8,4.51,success
2752,Alpha,notifications,alta,5.32,2.12,160,1,73.2,10.0,success
81,Gamma,api,baja,9.11,4.29,180,0,86.3,4.63,success
1254,Delta,auth,baja,10.75,2.95,274,2,83.2,19.57,success
1615,Alpha,api,media,6.75,3.54,195,2,78.6,7.8,success
3786,Beta,ui,media,4.46,3.24,72,3,86.3,7.49,success
2378,Beta,ui,baja,8.0,2.86,207,1,85.8,2.21,success
2342,Delta,ui,baja,15.77,3.8,46,0,,3.13,success
2562,Beta,auth,media,6.3,3.09,128,1,92.7,11.41,success
222,Alpha,ui,alta,5.16,2.77,22,1,62.1,5.44,success
94,Beta,search,alta,16.34,3.09,164,1,86.2,6.06,success
2623,Beta,payments,baja,9.79,8.54,24,1,86.8,18.28,success
806,Alpha,search,media,6.46,3.93,107,0,87.4,8.55,success
3443,Alpha,payments,baja,6.77,1.45,123,1,90.4,3.36,success
4693,Delta,notifications,media,8.05,5.69,43,0,75.2,12.37,success
2312,Delta,ui,baja,12.33,3.4,238,0,80.1,4.1,success
916,Delta,notifications,baja,7.44,3.45,210,1,85.8,26.53,success
1747,Alpha,search,media,8.37,3.06,235,0,89.1,21.59,success
4617,Alpha,ui,critica,4.36,4.46,166,3,,4.44,success
3684,Beta,auth,baja,2.72,1.49,72,1,,19.27,success
3222,Gamma,ui,alta,8.7,2.65,144,1,76.2,9.7,success
2664,Alpha,api,baja,7.52,2.9,31,0,88.2,3.05,success
932,Alpha,auth,baja,5.28,4.12,100,0,93.1,11.54,success
734,Alpha,api,media,7.24,4.74,72,1,87.2,10.49,success
2527,Beta,auth,baja,9.45,5.07,345,0,95.0,8.09,success
1861,Beta,search,baja,4.73,,126,0,97.6,10.08,success
658,Beta,auth,baja,12.09,3.96,54,0,83.2,15.82,success
3934,Beta,search,media,4.19,3.78,84,0,72.3,13.57,success
3197,Alpha,ui,baja,6.25,8.34,354,2,82.9,6.75,success
2118,Gamma,ui,alta,9.85,5.25,64,0,83.0,3.19,success
4292,Alpha,ui,critica,4.44,2.62,473,3,83.2,4.15,success
2804,Beta,notifications,critica,10.56,5.53,365,1,84.1,5.48,success
4357,Delta,notifications,baja,6.97,4.35,48,0,84.0,12.84,success
3129,Delta,auth,baja,4.15,2.3,71,0,94.4,8.63,success
3290,Alpha,api,critica,4.48,2.55,175,0,77.5,9.45,success
578,Beta,notifications,media,4.19,2.51,268,3,93.5,4.99,success
1809,Gamma,notifications,baja,13.35,4.31,107,0,91.6,21.12,success
4597,Beta,api,media,6.54,2.97,98,1,83.4,5.28,success
2650,Beta,api,alta,8.72,4.83,143,1,85.5,5.3,success
643,Gamma,notifications,media,7.53,2.43,191,4,60.4,2.25,success
2116,Gamma,auth,media,8.86,5.17,48,3,89.9,3.35,rolled_back
1058,Alpha,auth,alta,5.83,2.73,102,1,90.4,22.72,success
743,Beta,api,media,5.02,2.54,111,1,91.8,23.71,success
220,Gamma,api,baja,11.63,3.3,226,3,88.0,10.71,success
3347,Gamma,ui,media,14.54,2.59,176,1,91.6,5.13,success
2068,Gamma,api,media,10.12,3.05,187,0,89.3,9.98,success
722,Beta,ui,baja,4.99,3.95,80,1,90.1,8.1,success
4910,Alpha,api,alta,8.56,5.04,36,0,93.3,48.02,success
2789,Delta,api,baja,8.54,4.12,166,0,80.9,4.33,success
2331,Delta,api,critica,5.43,4.05,187,4,85.2,1.54,success
44,Beta,api,media,14.58,1.17,212,2,106.9,3.43,success
4454,Gamma,payments,alta,9.31,4.69,119,1,66.7,5.96,success
211,Gamma,payments,media,8.03,4.06,144,2,90.5,3.22,success
3097,Beta,api,media,9.41,5.3,97,2,96.1,9.34,success
355,Gamma,search,media,17.48,6.26,124,0,94.8,9.33,success
1452,Beta,ui,alta,6.43,1.75,208,0,83.8,3.08,success
4771,Alpha,notifications,baja,6.65,2.55,80,0,70.3,15.99,success
1136,Gamma,notifications,media,20.6,3.34,78,0,69.7,8.21,success
4560,Beta,api,baja,13.22,3.48,39,0,91.8,3.62,success
1169,Beta,search,alta,15.79,3.98,206,1,87.5,4.25,success
368,Alpha,search,media,2.53,2.67,213,0,86.7,9.94,success
3602,Alpha,auth,alta,11.86,1.79,269,3,90.3,8.46,failed
3732,Gamma,ui,media,11.45,5.09,183,1,90.3,7.34,success
1546,Delta,auth,alta,15.74,1.42,132,0,84.9,3.02,success
136,Beta,api,baja,11.13,3.42,80,0,87.6,12.05,success
4004,Alpha,search,baja,17.12,2.1,48,1,92.0,10.76,success
48,Delta,auth,media,5.23,2.79,22,0,80.7,3.0,success
2510,Alpha,search,media,3.5,1.44,68,1,73.5,7.67,success
3677,Gamma,auth,baja,6.61,2.81,23,0,92.7,9.11,success
3564,Alpha,ui,media,5.5,2.87,126,2,91.6,3.71,success
970,Beta,search,alta,13.47,3.58,337,0,76.7,12.06,success
3631,Beta,api,baja,11.46,3.95,99,0,90.0,14.94,success
712,Beta,payments,baja,5.76,2.27,111,0,97.8,7.79,success
62,Alpha,search,media,9.88,4.95,87,0,,4.78,success
1425,Beta,payments,media,6.1,4.5,220,3,86.0,10.72,success
3804,Gamma,search,media,14.8,5.91,417,1,88.6,3.04,success
96,Alpha,payments,media,5.93,,78,1,81.1,23.73,success
479,Alpha,auth,baja,4.41,1.91,64,0,88.3,3.41,success
1722,Alpha,ui,media,13.2,4.54,24,1,90.4,3.55,success
3882,Delta,ui,baja,15.23,2.27,180,1,93.3,24.95,success
4743,Alpha,ui,critica,7.96,6.73,244,3,86.4,3.6,success
1243,Delta,search,media,5.57,5.41,174,2,,1.6,success
625,Alpha,api,critica,10.98,3.39,64,2,75.7,4.68,success
706,Delta,auth,baja,5.97,3.62,84,0,85.6,6.02,success
323,Gamma,search,media,9.41,3.15,87,0,77.2,7.86,success
1127,Beta,api,media,14.24,1.47,121,1,89.2,17.82,success
2228,Beta,api,media,5.02,3.66,38,1,76.5,12.97,success
3884,Gamma,api,media,5.21,1.94,61,0,80.9,5.25,success
4854,Gamma,api,media,10.31,4.04,58,0,90.0,6.44,success
2230,Beta,api,critica,8.07,8.35,330,4,93.5,2.68,success
3947,Beta,auth,critica,11.0,2.34,130,0,75.2,7.03,success
3765,Alpha,api,baja,7.69,4.04,144,0,84.2,35.64,success
4040,Alpha,search,baja,4.11,6.5,27,0,71.5,19.57,success
292,Beta,api,media,10.88,3.33,277,2,70.5,2.09,success
1616,Beta,auth,media,8.01,3.01,147,0,97.6,6.74,success
908,Beta,ui,critica,11.63,4.07,223,1,98.9,11.24,success
534,Alpha,api,media,8.66,6.0,210,1,77.3,3.23,success
1542,Beta,search,critica,4.62,4.2,228,3,78.0,3.74,success
1095,Gamma,auth,media,6.35,3.15,106,1,91.6,10.67,success
1663,Beta,payments,media,3.2,3.69,194,1,91.6,8.67,success
4963,Alpha,auth,baja,6.67,3.04,49,0,90.6,28.32,success
2488,Beta,payments,alta,5.13,4.39,157,0,91.0,1.84,success
1558,Alpha,api,baja,3.82,3.11,42,0,90.3,7.3,success
4401,Gamma,payments,media,4.46,3.29,43,1,88.1,6.42,success
4184,Beta,search,baja,5.68,1.74,111,0,77.5,4.84,success
3476,Alpha,ui,baja,8.53,7.08,363,3,89.2,4.9,success
1472,Delta,auth,media,31.73,3.87,121,0,89.6,10.05,success
2772,Beta,api,media,11.42,2.01,80,0,91.5,2.49,success
2759,Gamma,auth,media,11.47,1.68,262,1,75.2,7.26,success
2686,Delta,notifications,media,13.73,3.97,276,4,70.2,12.66,success
4389,Gamma,api,baja,8.57,3.39,148,0,88.9,5.42,success
3059,Alpha,ui,baja,2.7,4.34,269,1,82.8,9.11,success
4378,Gamma,search,alta,10.47,2.66,309,2,82.2,6.88,success
1894,Delta,ui,baja,9.12,4.03,12,0,84.5,7.36,success
2246,Delta,auth,alta,5.77,3.6,229,2,92.0,18.13,success
4322,Alpha,notifications,alta,2.79,4.44,249,1,88.1,17.0,success
4534,Alpha,ui,baja,7.09,4.75,199,0,91.4,1.78,success
4929,Gamma,notifications,media,12.89,2.33,74,1,,15.51,success
3558,Alpha,ui,baja,8.14,2.78,215,0,76.9,8.44,success
1589,Alpha,ui,media,14.61,5.57,101,1,82.9,4.2,success
3990,Delta,auth,baja,11.69,4.67,181,1,86.2,11.0,success
4242,Gamma,ui,media,4.88,3.99,116,1,70.0,3.0,failed
3362,Beta,api,media,9.41,4.92,196,0,94.8,3.71,success
2054,Alpha,search,alta,5.28,3.7,433,3,84.0,4.97,success
1906,Alpha,ui,critica,1.6,2.19,557,9,70.3,6.66,failed
2938,Beta,auth,media,11.6,3.47,81,1,78.6,8.44,success
1673,Delta,notifications,baja,8.0,1.95,552,4,90.6,15.66,success
2439,Delta,payments,alta,6.55,3.5,102,1,86.0,8.74,success
3623,Gamma,notifications,alta,6.43,3.52,178,0,66.6,7.28,success
2174,Beta,ui,media,8.66,3.11,115,1,80.8,5.02,success
3723,Alpha,api,critica,6.74,2.55,219,0,71.4,2.3,success
4926,Gamma,api,baja,6.03,3.55,33,0,80.1,,success
1698,Beta,auth,alta,7.53,3.43,103,0,84.5,7.51,success
2477,Alpha,auth,media,6.35,4.06,259,1,90.5,22.56,success
2173,Beta,auth,alta,14.31,2.78,356,1,73.7,9.66,success
71,Alpha,auth,baja,7.66,2.86,150,0,,43.84,success
2169,Gamma,payments,media,2.87,3.54,350,4,97.9,13.22,success
3096,Gamma,search,media,7.45,3.53,146,0,83.2,6.13,success
3379,Gamma,notifications,alta,5.9,3.91,48,2,89.9,7.24,success
3251,Delta,payments,baja,7.7,2.23,82,2,83.7,7.61,success
1042,Beta,notifications,media,5.85,3.2,16,2,71.1,4.53,failed
3190,Beta,ui,critica,8.48,5.33,375,3,66.6,6.66,success
4999,Beta,notifications,alta,12.11,2.13,19,0,78.4,3.22,success
4372,Beta,auth,baja,6.62,3.8,63,1,86.0,40.73,success
4819,Gamma,api,alta,10.42,5.25,253,2,88.2,6.59,success
3022,Alpha,search,media,6.57,3.34,84,2,70.5,9.98,rolled_back
4794,Beta,notifications,baja,10.44,3.66,33,0,75.5,23.38,success
4218,Alpha,ui,critica,8.34,4.25,65,1,87.6,4.79,success
2178,Alpha,payments,critica,10.66,4.21,95,0,67.2,5.77,success
830,Beta,notifications,media,9.52,2.96,93,2,76.5,7.48,success
1505,Beta,search,media,11.2,5.05,50,2,91.9,6.47,success
3766,Alpha,ui,media,6.32,2.7,127,0,,6.63,success
3036,Delta,ui,critica,11.05,5.02,252,0,80.9,3.54,success
2844,Delta,ui,baja,8.82,3.5,158,0,78.2,6.81,success
857,Beta,api,media,25.41,2.14,27,0,95.9,6.74,success
634,Beta,ui,baja,5.58,3.83,60,0,95.6,9.16,success
3738,Beta,payments,alta,16.1,3.42,260,0,96.8,9.03,success
1184,Gamma,payments, media,13.34,4.29,76,0,83.1,22.25,success
2589,Beta,ui,critica,11.17,3.71,25,1,85.7,2.92,success
732,Alpha,payments,alta,11.61,6.4,37,0,79.7,3.79,success
4072,Beta,payments,alta,11.38,3.7,138,0,87.2,18.03,success
3041,Delta,payments,critica,11.03,2.01,138,3,84.5,4.48,success
3781,Gamma,payments,critica,4.34,6.02,104,3,85.2,12.05,rolled_back
953,Beta,payments,baja,5.32,4.61,124,0,85.1,17.3,success
1590,Beta,notifications,baja,6.66,4.25,218,2,89.1,2.56,rolled_back
890,Alpha,api,media,7.38,4.03,8,0,86.0,10.86,success
1376,Delta,notifications,media,4.57,5.07,50,4,81.0,5.06,success
3092,Alpha,auth,media,6.05,2.89,31,1,91.3,9.16,success
4181,Delta,api,baja,6.24,4.82,12,0,83.7,4.12,success
3612,Gamma,search,media,7.14,3.51,51,0,74.0,12.13,success
3361,Gamma,search,baja,13.02,3.0,76,0,97.5,14.77,success
234,Delta,search,alta,4.49,2.76,146,0,84.2,8.6,success
4575,Alpha,payments,alta,12.04,3.17,23,0,87.2,4.53,success
1984,Beta,auth,media,23.56,4.41,279,0,73.5,,success
416,Alpha,search,alta,3.17,3.51,291,1,77.4,6.84,success
1740,Alpha,auth,media,9.74,2.77,168,2,93.0,5.24,success
4223,Beta,auth,media,6.39,3.01,50,2,75.8,20.43,success
3593,Beta,api,media,10.84,2.74,228,0,84.5,15.21,success
765,Delta,api,critica,6.06,1.85,73,0,81.1,3.46,success
18,Beta,search,baja,3.11,2.68,89,1,74.3,8.92,success
3552,Alpha,notifications,media,3.05,4.2,250,1,76.8,8.22,success
4886,Delta,ui,media,3.96,6.73,140,1,85.2,4.82,success
3939,Alpha,search,baja,6.18,3.76,84,0,,11.5,success
597,Beta,notifications,media,5.34,2.76,161,1,96.7,3.42,success
1306,Delta,search,alta,11.58,2.35,273,4,80.1,5.98,success
4394,Delta,payments,media,14.24,2.48,98,1,87.4,3.58,success
1946,Alpha,api,alta,10.65,2.41,481,0,58.5,20.05,success
1527,Gamma,notifications,baja,5.87,6.41,164,1,80.7,9.53,success
2464,Delta,api,media,11.95,4.06,69,0,89.4,2.27,success
1434,Delta,ui,media,10.82,5.77,99,0,73.1,16.12,success
372,Gamma,search,baja,5.44,6.49,90,0,92.1,13.4,success
4370,Delta,api,media,9.91,5.1,11,0,94.2,4.95,success
599,Beta,auth,media,4.41,4.55,224,3,72.1,,success
239,Gamma,auth,media,19.5,3.8,15,0,93.4,3.96,success
3414,Beta,api,baja,8.56,2.99,29,0,86.3,5.32,success
3367,Alpha,ui,baja,13.97,5.87,157,0,73.4,2.88,success
4158,Beta,auth,media,6.09,4.68,91,1,74.5,10.4,success
4092,Alpha,api,media,15.58,1.61,276,1,89.7,8.3,success
4614,Gamma,api,baja,15.31,3.55,66,0,66.1,14.62,success
3590,Gamma,auth,media,8.63,6.26,111,0,,9.91,success
2595,Gamma,auth,media,7.7,2.28,198,0,77.3,4.14,success
3479,Gamma,notifications,alta,10.6,2.9,225,0,,1.31,success
3117,Delta,payments,media,9.54,2.32,68,0,86.8,3.27,success
4252,Alpha,ui,baja,11.14,3.49,18,0,92.1,11.99,success
3995,Alpha,notifications,baja,9.9,2.95,138,1,80.5,4.4,success
3047,Gamma,notifications,critica,8.85,4.61,99,2,88.6,5.66,failed
3239,Alpha,search,media,9.03,2.6,64,2,71.4,5.74,success
4919,Gamma,auth,baja,17.12,4.52,110,0,79.3,14.8,success
1039,Alpha,ui,critica,5.3,2.22,73,1,75.6,0.98,failed
4261,Alpha,search,baja,8.74,3.34,56,0,93.3,8.11,success
4606,Alpha,api,baja,3.88,6.2,95,0,83.6,35.08,success
2790,Delta,payments,baja,8.35,3.9,14,0,92.8,15.37,success
2500,Gamma,ui,media,7.75,2.4,178,3,88.8,11.31,success
2469,Beta,auth,alta,8.42,3.92,193,2,93.2,9.23,success
1635,Gamma,auth,alta,7.1,2.36,91,0,91.4,4.51,success
1433,Beta,search,alta,2.77,2.91,307,2,82.4,4.88,success
622,Beta,notifications,baja,8.44,1.79,20,0,82.5,5.68,success
2651,Delta,search,baja,6.49,2.11,73,0,85.6,24.35,success
4325,Gamma,notifications,alta,5.46,4.83,341,1,73.4,,success
567,Alpha,notifications,baja,7.41,1.53,63,1,85.8,5.88,success
4896,Gamma,payments,media,17.97,3.61,79,1,89.2,6.71,success
1282,Gamma,auth,critica,12.64,2.89,158,2,90.6,4.95,success
3917,Gamma,notifications,media,9.73,3.57,153,1,79.8,5.12,success
52,Delta,payments,media,6.72,3.57,23,0,73.2,37.33,success
3949,Beta,auth,media,5.74,7.45,143,0,80.4,14.68,success
1840,Beta,notifications,critica,4.7,2.69,90,0,,5.72,success
3830,Gamma,payments,media,10.64,4.22,40,0,87.0,4.0,success
1331,Beta,auth,media,5.43,1.96,192,2,97.8,2.67,success
535,Beta,search,baja,10.42,,98,0,83.7,9.83,success
3198,Gamma,search,media,4.36,3.46,80,0,,5.61,success
860,Alpha,notifications,media,6.87,5.55,260,1,83.2,4.59,success
444,Beta,auth,alta,11.13,2.77,197,1,71.6,4.55,success
2961,Beta,auth,alta,5.05,2.09,239,1,,5.39,success
196,Alpha,auth,alta,8.5,2.51,332,1,88.8,3.27,success
1118,Beta,api,alta,5.12,2.69,73,0,97.5,3.89,failed
3952,Beta,auth,media,14.13,3.95,103,1,97.2,13.97,success
3871,Delta,api,alta,10.29,,129,3,,1.72,success
1222,Delta,notifications,baja,7.22,2.02,77,1,90.6,8.04,success
3016,Alpha,search,media,12.1,7.08,98,0,96.0,6.84,success
2705,Beta,auth,media,12.51,2.26,220,1,87.8,7.01,success
2979,Delta,auth,alta,11.21,6.72,143,1,92.6,3.92,success
3900,Delta,notifications,baja,4.29,1.48,81,0,75.6,2.35,success
4126,Gamma,auth,media,6.12,1.77,260,0,70.1,11.58,success
645,Beta,ui,alta,7.56,3.61,70,0,71.0,2.69,success
804,Alpha,auth,alta,6.13,3.08,127,2,89.2,5.35,success
3536,Gamma,auth,media,11.02,5.16,361,1,89.7,1.86,success
1559,Delta,notifications,media,16.64,6.32,261,0,90.6,4.7,success
4412,Gamma,auth,alta,8.95,2.89,18,1,80.6,10.11,success
121,Beta,search,alta,5.6,4.07,35,3,84.2,8.35,success
1245,Beta,api,critica,8.24,2.53,65,1,78.8,3.92,success
3434,Beta,notifications,baja,17.18,2.22,199,0,91.7,13.55,success
4897,Delta,payments,critica,4.86,4.25,15,1,92.1,,success
2463,Alpha,search,alta,7.91,5.14,241,1,81.2,4.49,success
4284,Delta,auth,baja,5.44,2.88,85,2,59.8,3.29,success
135,Alpha,ui,media,4.22,4.1,77,0,79.8,27.63,success
2474,Gamma,ui,alta,11.88,3.26,99,0,85.5,2.12,success
3624,Beta,auth,media,8.66,2.73,16,0,76.3,6.85,success
4520,Beta,api,baja,9.3,2.75,105,0,89.1,3.47,success
185,Gamma,payments,baja,3.99,2.05,120,0,85.0,7.22,success
3383,Delta,auth,critica,9.53,3.27,206,0,93.0,3.75,success
3790,Alpha,search,baja,5.35,4.83,93,0,91.9,11.52,success
512,Beta,ui,baja,10.3,3.81,115,0,83.0,5.25,success
3978,Beta,search,baja,8.5,2.42,201,0,96.9,21.51,success
4070,Beta,auth,baja,13.23,2.9,227,0,98.6,15.21,success
3151,Alpha,search,media,5.26,2.96,135,1,86.1,15.05,success
3554,Beta,payments,baja,4.67,4.16,96,0,90.1,5.89,success
3730,Beta,notifications,media,9.14,2.07,565,2,84.4,3.31,success
3647,Gamma,api,alta,9.18,1.47,22,0,83.1,3.79,success
4604,Gamma,payments,critica,7.38,3.15,190,1,92.8,7.33,success
252,Delta,api,baja,11.15,3.6,144,0,97.1,15.95,success
978,Gamma,api,baja,9.17,2.99,307,2,84.3,3.64,success
2620,Beta,auth,media,7.47,2.33,182,1,89.9,2.6,success
4024,Beta,payments,baja,6.48,6.67,163,4,79.2,19.56,success
2814,Gamma,api,alta,6.29,2.56,76,0,86.9,8.27,success
123,Alpha,api,media,3.67,3.27,226,0,74.6,8.54,success
4967,Alpha,payments,baja,3.65,1.35,137,1,58.6,10.03,success
2618,Delta,notifications,media,8.58,3.31,174,0,85.7,8.38,success
2016,Gamma,payments,alta,12.28,3.47,182,3,71.5,11.96,success
1201,Delta,ui,media,5.51,3.8,87,0,,12.08,rolled_back
568,Gamma,auth,media,19.33,3.06,6,1,,,success
3304,Gamma,api,baja,12.02,1.37,129,0,97.3,7.92,success
4529,Beta,search,media,5.96,3.76,105,1,88.3,28.14,success
4300,Gamma,auth,media,16.65,5.75,105,2,74.5,4.84,success
1262,Beta,auth,media,6.89,4.29,210,0,78.5,2.95,success
3795,Alpha,notifications,alta,3.81,2.26,139,1,,12.43,success
4474,Beta,ui,baja,8.23,1.61,35,0,,27.05,success
1704,Gamma,search,alta,9.28,2.76,150,0,90.6,3.45,success
1050,Gamma,api,alta,21.39,1.99,402,2,95.5,8.35,success
3525,Beta,auth,alta,8.1,3.85,107,3,60.3,1.31,success
721,Alpha,notifications,media,5.13,2.31,76,0,93.8,5.22,success
3827,Alpha,api,media,5.33,6.66,45,0,77.1,6.63,success
4795,Beta,search,critica,11.16,3.69,218,2,,2.2,success
1996,Beta,api,baja,16.74,3.48,72,0,77.6,5.56,success
603,Gamma,api,alta,13.19,5.04,35,0,91.2,6.72,success
894,Delta,notifications,alta,6.26,5.36,301,1,64.1,7.4,success
3652,Beta,api,baja,3.1,3.08,52,0,87.6,10.54,success
4373,Gamma,api,alta,8.45,3.1,108,0,87.1,6.49,success
3471,Beta,ui,media,7.0,5.17,26,1,72.3,7.12,success
319,Delta,ui,media,8.28,5.16,58,0,77.9,1.91,success
4601,Alpha,ui,critica,10.93,5.86,117,0,82.1,3.27,success
4484,Gamma,ui,media,9.9,5.03,188,1,92.4,3.27,success
275,Delta,ui,critica,5.37,2.31,194,0,94.3,10.91,success
1872,Gamma,auth,media,6.97,5.61,253,4,82.9,4.39,failed
550,Alpha,api,alta,1.81,3.35,31,1,83.4,3.7,failed
766,Delta,payments,media,5.34,6.14,26,0,79.0,13.9,success
1742,Gamma,notifications,alta,12.33,1.81,107,2,84.8,3.22,success
4901,Beta,api,critica,18.47,3.34,46,0,91.3,2.52,success
4350,Beta,api,critica,7.53,2.93,219,4,85.5,4.0,success
606,Beta,api,media,8.54,2.14,222,2,79.7,6.03,success
4371,Beta,search,alta,13.21,6.59,163,2,84.6,3.09,success
528,Delta,api,baja,6.88,4.55,145,0,86.6,11.61,success
965,Gamma,notifications,alta,5.73,2.65,249,0,97.4,10.64,success
3378,Delta,auth,alta,6.52,3.87,42,1,87.7,22.97,success
4588,Gamma,api,media,10.56,4.32,143,0,86.2,12.19,success
3788,Alpha,api,media,13.9,2.99,253,1,93.2,9.48,failed
4835,Beta,auth,baja,4.12,4.66,174,1,75.1,14.93,success
2615,Beta,ui,baja,16.11,6.33,295,0,92.6,2.95,success
299,Alpha,payments,media,6.64,3.84,91,0,81.2,7.67,success
4519,Alpha,ui,baja,6.79,2.55,147,0,92.0,8.57,success
4021,Alpha,api,alta,8.1,2.69,79,2,83.9,3.25,success
3828,Alpha,ui,media,9.54,5.34,95,0,93.9,,success
2584,Beta,notifications,media,3.63,5.51,169,2,89.0,5.22,success
3741,Alpha,search,baja,3.7,2.29,66,1,79.6,24.64,failed
4082,Delta,auth,baja,3.45,2.73,58,0,80.6,9.16,success
4635,Beta,api,media,5.68,5.24,98,0,97.0,6.3,success
1352,Alpha,api,media,12.77,4.66,97,1,90.7,7.14,success
2306,Gamma,auth,media,4.29,4.93,124,1,87.7,10.31,success
757,Delta,notifications,media,4.84,1.74,77,0,90.1,3.14,success
1033,Beta,api,media,16.52,1.36,25,0,91.5,8.65,success
4744,Beta,api,baja,5.91,4.54,102,0,92.2,3.17,success
1483,Delta,ui,media,3.75,2.62,254,0,96.3,5.33,success
3789,Alpha,api,alta,4.33,1.79,88,1,91.9,3.93,success
1096,Gamma,auth,alta,6.48,3.49,342,1,94.8,4.47,success
2821,Delta,auth,media,14.94,2.4,136,0,83.3,2.99,success
4505,Beta,auth,media,10.03,2.47,125,0,82.3,7.54,success
377,Gamma,notifications,alta,6.92,3.37,32,1,94.8,4.15,success
3407,Gamma,auth,media,5.7,3.68,86,0,94.7,15.34,success
4264,Beta,api,media,8.93,2.32,84,1,66.8,6.21,success
2575,Gamma,api,media,7.13,3.69,25,1,75.7,3.12,success
3143,Alpha,api,media,3.62,3.32,32,0,95.7,12.21,success
379,Alpha,search,baja,8.38,4.3,172,1,80.4,6.47,success
1175,Alpha,api,alta,8.66,5.49,196,0,91.4,3.42,success
4870,Alpha,api,baja,8.15,2.36,164,1,92.1,7.82,success
1733,Alpha,api,media,3.21,3.62,51,0,83.2,3.65,success
4095,Alpha,api,baja,3.69,3.51,151,0,87.9,8.08,success
1345,Beta,ui,baja,7.81,7.07,260,0,74.0,3.95,success
1910,Alpha,auth,media,4.29,,90,1,84.8,17.65,success
1868,Beta,notifications,media,9.49,2.68,163,0,89.2,7.52,success
2214,Delta,search,media,5.43,1.62,321,0,87.9,13.3,success
1860,Gamma,search,baja,11.8,4.19,50,0,68.0,10.28,success
3263,Delta,search,media,6.26,4.41,68,0,70.2,5.44,success
4620,Beta,api,baja,7.51,2.7,141,1,77.9,5.54,failed
1363,Alpha,auth,alta,7.29,2.59,160,1,81.1,7.36,success
795,Alpha,ui,media,4.41,4.09,70,2,90.7,3.97,success
2519,Delta,ui,media,5.64,4.74,109,1,75.2,2.29,failed
2275,Alpha,auth,media,6.21,3.09,60,1,80.6,10.35,success
1875,Beta,api,media,9.11,6.54,73,0,82.2,4.19,success
176,Beta,search,alta,4.53,3.51,18,0,78.4,3.93,success
3750,Beta,notifications,media,8.58,3.32,59,0,93.9,10.6,success
2751,Alpha,payments,critica,8.2,1.57,180,1,88.4,1.56,success
1935,Gamma,ui,media,11.3,5.43,82,0,75.0,8.71,success
46,Beta,payments,alta,4.92,5.09,106,2,72.6,3.57,success
2766,Alpha,notifications,baja,7.67,2.9,30,0,69.9,11.5,success
3236,Beta,auth,alta,5.58,3.3,113,1,74.7,9.2,success
1091,Alpha,auth,alta,4.99,3.87,202,0,79.6,4.22,success
2843,Alpha,ui,media,9.73,2.86,173,0,92.2,8.85,success
3132,Alpha,auth,media,8.92,3.66,18,0,78.8,1.75,success
1648,Gamma,payments,media,4.22,2.7,191,1,93.9,3.79,success
2340,Beta,ui,media,3.82,3.24,68,2,76.8,11.09,success
2168,Alpha,api,alta,19.33,4.93,166,2,78.6,6.23,failed
1778,Alpha,notifications,media,6.03,2.47,70,0,75.1,4.32,success
1833,Alpha,payments,baja,6.35,7.12,79,0,87.8,2.72,success
3654,Beta,notifications,critica,2.41,3.14,47,3,76.9,1.6,rolled_back
2441,Beta,api,alta,7.95,3.08,244,1,97.8,6.33,success
284,Delta,api,baja,3.38,3.31,163,0,92.6,7.0,success
1834,Alpha,api,media,8.32,4.08,126,0,94.3,5.32,success
1666,Delta,notifications,media,6.73,3.36,57,1,91.2,5.28,success
1703,Delta,ui,media,5.96,1.69,105,0,81.8,10.1,success
1989,Beta,ui,baja,8.46,2.64,62,1,65.6,7.58,failed
1730,Delta,auth,alta,9.66,1.87,252,0,81.8,3.21,success
2119,Gamma,search,media,5.81,3.03,114,1,76.6,14.65,success
3439,Beta,notifications,media,5.46,1.6,84,0,77.2,4.65,success
4951,Beta,search,baja,7.18,4.07,74,0,92.9,26.09,success
3854,Alpha,auth,critica,5.17,2.94,100,0,83.0,4.98,success
1695,Delta,api,alta,6.49,4.29,702,4,73.5,2.82,success
2707,Gamma,ui,alta,8.87,8.04,315,1,77.0,2.74,success
882,Gamma,auth,baja,6.48,3.54,100,3,72.1,5.45,failed
4984,Delta,api,alta,9.51,3.56,54,0,88.5,2.37,success
2403,Alpha,auth,baja,6.54,4.74,76,1,84.0,19.01,success
1075,Alpha,payments,alta,3.9,3.51,66,3,83.2,20.51,success
4568,Delta,payments,baja,7.32,3.55,130,1,84.5,9.62,success
3135,Alpha,search,baja,7.33,3.56,90,0,78.9,4.9,success
4669,Alpha,api,media,7.14,5.15,115,1,81.4,3.49,success
3686,Beta,ui,media,3.19,2.77,97,1,96.9,34.32,success
100,Alpha,auth,media,5.81,4.77,91,1,87.2,13.04,success
3154,Beta,auth,media,4.22,2.16,81,0,71.6,5.99,success
4102,Delta,api,media,8.72,2.85,80,0,,4.39,success
2458,Beta,api,baja,6.6,3.8,19,0,90.0,6.74,success
1232,Delta,auth,media,8.01,3.19,162,1,84.9,13.38,success
352,Delta,api,baja,5.78,3.17,112,1,56.7,34.4,success
4630,Beta,api,media,5.66,11.38,82,0,81.1,12.25,success
1045,Beta,auth,media,6.55,3.25,76,1,91.6,3.62,success
3600,Beta,payments,alta,5.8,3.14,73,0,96.6,5.51,failed
1035,Alpha,api,alta,7.44,5.2,133,1,83.7,2.44,success
719,Gamma,api,alta,13.51,2.61,110,1,87.5,8.04,success
2716,Beta,api,media,23.88,3.95,71,1,86.3,18.77,success
3725,Alpha,ui,baja,9.81,7.05,52,1,84.3,5.26,success
4402,Delta,auth,critica,14.0,3.06,275,0,88.0,9.78,success
309,Beta,api,media,7.14,1.94,143,1,88.2,9.86,success
1534,Delta,notifications,baja,9.09,7.04,87,1,80.6,5.14,success
834,Alpha,ui,baja,4.99,1.13,176,1,88.9,8.54,success
367,Delta,auth,critica,16.09,3.58,215,4,80.8,1.4,success
1002,Beta,ui,media,6.81,2.35,296,1,92.3,10.44,success
2092,Beta,payments,media,7.16,4.16,171,0,,10.77,success
928,Gamma,payments,media,6.56,2.91,66,0,81.7,11.62,success
3779,Alpha,auth,media,4.31,4.03,126,0,86.1,4.73,success
3728,Delta,api,media,11.94,5.97,5,1,81.6,10.6,success
4977,Alpha,ui,baja,7.01,3.06,49,0,88.4,1.71,success
20,Alpha,search,baja,3.43,4.56,189,1,95.1,10.91,success
1341,Gamma,api,baja,6.34,2.01,245,1,82.9,17.71,success
1205,Beta,notifications,media,7.37,2.4,43,1,68.3,6.14,success
912,Alpha,auth,media,3.46,5.38,328,1,79.3,3.16,success
219,Delta,api,baja,6.27,6.49,358,0,78.8,7.0,success
1508,Beta,ui,media,3.72,2.61,51,1,89.6,4.49,success
439,Delta,payments,baja,9.38,2.32,68,0,88.9,41.51,success
1863,Beta,notifications,media,4.67,7.81,39,0,97.5,3.71,success
3013,Gamma,search,alta,24.4,3.27,71,1,87.5,5.68,success
4516,Gamma,api,alta,7.37,2.43,58,0,97.8,3.36,success
4749,Alpha,api,alta,4.67,4.6,591,2,,3.98,success
1816,Alpha,ui,media,4.48,3.12,45,0,73.4,7.79,success
4979,Delta,api,media,8.64,3.81,275,0,90.0,7.54,success
4587,Delta,payments,baja,8.41,4.3,86,0,77.6,9.1,success
2777,Delta,api,alta,7.3,2.53,108,2,82.2,4.33,success
803,Alpha,ui,media,4.21,2.74,41,0,91.5,4.99,success
3011,Alpha,payments,media,9.07,3.46,67,0,84.9,7.1,success
3265,Beta,search,baja,9.5,2.01,197,2,67.3,10.26,success
3739,Alpha,ui,media,6.75,6.06,110,2,91.0,4.2,success
2343,Beta,notifications,critica,12.87,3.17,308,4,86.3,2.85,rolled_back
583,Alpha,notifications,baja,10.03,3.72,75,1,77.0,6.94,success
204,Alpha,search,baja,6.2,3.97,53,1,68.3,17.85,success
4698,Alpha,ui,baja,8.56,2.27,204,2,89.6,5.65,success
3430,Beta,api,critica,16.33,3.61,132,1,92.9,2.31,success
4044,Alpha,api,media,3.67,1.19,357,1,85.9,8.08,success
4420,Alpha,api,critica,10.16,2.67,56,1,90.8,3.59,success
4931,Gamma,ui,baja,13.18,3.38,202,2,88.2,7.63,success
4833,Beta,api,baja,7.41,6.36,56,0,86.0,8.28,success
1486,Delta,ui,baja,6.16,3.49,20,0,69.1,7.33,success
3572,Delta,auth,baja,4.52,3.93,112,2,78.4,1.42,failed
2043,Alpha,api,alta,10.42,1.84,520,5,84.4,2.0,failed
4527,Gamma,api,media,7.84,3.11,66,1,74.7,21.58,success
3835,Delta,search,baja,5.88,4.36,76,1,77.3,4.37,success
518,Beta,search,media,11.11,3.09,48,2,97.2,6.73,success
1700,Delta,notifications,baja,7.74,5.49,67,0,75.4,4.84,success
3680,Delta,notifications,baja,8.83,5.87,115,0,67.3,13.29,success
3857,Delta,api,baja,27.27,2.97,11,0,92.0,6.4,success
669,Beta,api,alta,16.32,4.38,253,4,77.1,4.77,success
4538,Delta,auth,media,7.21,3.5,151,0,83.0,3.36,success
4291,Alpha,api,baja,5.31,2.23,97,0,92.7,42.49,success
4920,Delta,auth,baja,10.44,3.73,123,0,85.6,19.13,success
2154,Beta,payments,baja,5.86,3.56,51,0,95.9,6.77,success
1741,Beta,api,baja,5.25,3.46,129,0,97.5,31.91,success
3063,Gamma,ui,alta,10.76,6.94,257,1,88.4,1.41,success
2370,Delta,payments,alta,5.28,3.32,91,1,95.7,7.1,success
2901,Gamma,payments,baja,7.3,4.36,57,0,89.1,7.91,success
3356,Beta,ui,media,9.94,4.81,345,1,82.3,4.21,rolled_back
3406,Gamma,search,media,6.67,7.9,65,0,87.8,4.55,success
1771,Delta,api,media,3.94,3.84,80,0,87.7,14.04,success
760,Alpha,api,media,5.3,2.27,149,2,62.8,4.76,success
2243,Gamma,payments,baja,11.29,4.41,171,0,95.8,7.99,success
1372,Alpha,api,media,11.09,2.9,195,1,95.3,2.98,success
2684,Delta,api,media,6.76,0.86,111,2,71.6,8.57,success
3811,Gamma,ui,baja,8.21,3.28,44,1,80.8,7.45,success
3149,Alpha,auth,media,9.04,3.87,26,0,53.8,14.27,success
3517,Alpha,ui,alta,6.32,1.74,276,2,66.9,5.66,success
215,Beta,payments,alta,4.65,3.35,164,0,92.9,0.69,success
3345,Delta,ui,alta,7.95,4.27,97,0,82.2,4.66,success
1097,Gamma,notifications,alta,10.35,4.31,87,0,93.8,10.95,success
694,Alpha,ui,media,6.9,3.52,43,2,93.9,5.64,success
1130,Gamma,auth,baja,8.8,1.66,155,1,80.4,10.74,success
1435,Beta,ui,alta,11.36,3.54,166,2,89.0,3.25,failed
2132,Beta,search,media,7.9,4.06,62,0,92.6,3.55,success
2535,Beta,payments,baja,20.84,6.56,55,0,,25.61,success
1783,Beta,payments,baja,11.19,5.22,17,1,90.2,12.22,success
3432,Beta,ui,media,8.18,3.7,68,0,76.5,5.23,failed
4229,Delta,auth,alta,4.64,2.74,427,1,83.1,2.87,success
2551,Gamma,notifications,baja,8.42,4.36,105,0,76.6,20.42,success
197,Delta,ui,media,9.8,11.22,375,1,89.5,2.26,success
4198,Gamma,auth,media,9.89,3.49,367,1,81.8,2.39,success
1565,Alpha,ui,baja,12.02,5.49,24,0,93.9,16.3,success
1057,Alpha,notifications,baja,9.26,2.09,86,0,94.9,11.41,success
880,Gamma,auth,baja,6.55,5.87,151,1,86.7,3.39,success
1236,Alpha,auth,media,7.28,2.63,92,0,93.2,6.08,success
1936,Gamma,api,baja,7.31,4.42,74,0,76.8,3.75,success
4377,Alpha,ui,baja,5.79,,95,0,90.4,5.85,success
2884,Gamma,auth,media,12.24,4.18,369,5,72.8,12.03,success
888,Alpha,payments,critica,14.35,4.51,92,0,92.8,6.12,success
4877,Alpha,api,alta,7.39,3.72,155,1,82.6,,success
69,Delta,auth,alta,5.77,2.56,145,0,81.4,7.04,rolled_back
2496,Delta,api,media,4.53,4.43,22,1,71.9,0.93,success
2079,Delta,api,alta,9.93,4.64,116,1,62.6,4.17,success
569,Delta,api,media,4.27,2.55,60,2,74.4,6.59,success
1651,Beta,api,media,8.43,2.78,198,2,83.1,6.47,success
97,Delta,auth,alta,8.0,4.88,67,0,92.2,9.24,success
1019,Beta,auth,media,7.34,1.51,82,0,97.7,10.28,success
3340,Beta,ui,baja,3.33,3.58,75,0,78.5,9.52,success
140,Gamma,notifications,media,10.35,2.71,12,1,78.8,3.02,success
3353,Delta,api,media,6.88,3.08,77,0,84.9,3.0,success
2616,Delta,notifications,alta,5.76,3.55,121,1,90.6,4.36,rolled_back
4290,Delta,auth,media,8.53,2.55,123,1,96.2,29.23,success
1362,Delta,auth,alta,4.32,3.96,133,2,79.8,22.03,success
4820,Alpha,notifications,critica,5.85,6.06,201,3,86.6,5.38,success
2586,Gamma,api,baja,14.97,3.44,107,3,92.0,21.27,success
2165,Delta,notifications,critica,5.5,4.83,66,4,85.9,5.68,success
1718,Beta,payments,baja,9.2,2.74,126,2,85.2,3.79,success
2874,Alpha,search,critica,5.61,2.29,161,3,66.1,2.03,success
464,Delta,ui,media,12.33,,254,0,82.9,9.62,success
4765,Beta,ui,critica,10.24,3.67,73,2,97.9,4.86,success
2438,Alpha,api,baja,10.25,3.36,255,0,84.2,5.3,success
2003,Alpha,auth,media,5.6,4.21,17,1,86.3,4.62,success
595,Alpha,notifications,media,6.69,3.27,44,0,91.3,30.3,success
4197,Gamma,ui,media,11.75,6.66,91,0,68.3,19.62,success
626,Alpha,api,critica,10.77,3.36,129,0,87.0,3.45,success
451,Gamma,api,media,4.03,5.54,44,0,83.9,3.96,success
4096,Beta,notifications,alta,9.48,4.9,132,0,88.6,10.58,success
3560,Gamma,search,media,7.46,2.29,87,0,95.0,2.22,success
1085,Alpha,notifications,media,7.91,4.87,294,2,94.6,29.93,success
1407,Alpha,payments,media,4.92,2.52,100,0,88.8,4.21,success
1591,Delta,notifications,baja,12.98,3.01,222,2,82.7,33.76,failed
4324,Beta,api,baja,7.53,2.42,79,0,87.9,2.22,success
4511,Delta,search,media,9.14,1.64,101,1,91.9,25.61,success
1579,Gamma,api,alta,18.47,3.05,45,0,66.6,3.8,success
3640,Gamma,auth,baja,7.67,7.05,260,1,73.3,3.15,success
3940,Beta,api,media,14.85,2.78,134,1,86.6,2.95,success
151,Gamma,api,alta,6.11,4.16,237,1,88.4,6.9,success
1439,Gamma,payments,baja,10.28,3.43,89,0,86.4,18.32,success
3964,Gamma,ui,baja,8.45,4.04,378,0,95.5,8.43,success
2700,Gamma,notifications,alta,10.56,1.66,30,0,79.7,3.24,success
1481,Beta,api,media,3.63,3.89,59,0,93.1,6.63,success
89,Alpha,notifications,critica,11.64,4.33,98,2,79.8,1.34,success
458,Gamma,search,critica,8.02,3.12,198,3,85.8,3.3,success
1324,Alpha,auth,baja,3.36,2.95,44,1,87.9,33.6,success
3122,Beta,payments,media,6.4,2.96,170,1,87.2,13.32,success
4462,Alpha,search,media,3.68,3.58,227,1,80.5,12.48,success
3241,Delta,payments,baja,10.57,3.42,136,2,75.4,7.36,success
2299,Delta,ui,media,9.8,3.28,134,2,76.5,11.98,success
2555,Gamma,ui,baja,9.25,2.74,150,1,90.2,20.28,success
3662,Gamma,search,media,8.41,2.56,17,0,97.1,1.88,success
832,Delta,ui,baja,17.52,3.16,293,3,90.6,70.46,success
240,Beta,api,baja,7.39,3.52,315,3,83.8,9.39,success
4690,Beta,payments,baja,10.06,6.34,172,2,86.3,2.48,success
1000,Alpha,ui,baja,6.75,2.72,57,2,84.6,19.74,success
4592,Alpha,notifications,alta,9.37,3.16,99,0,85.2,3.19,success
2396,Delta,api,media,14.46,3.25,42,0,85.3,37.38,success
1972,Alpha,search,alta,10.66,3.78,66,0,94.1,2.51,success
3411,Delta,payments,media,5.56,4.22,608,4,86.7,,success
193,Alpha,auth,baja,10.95,6.01,57,1,88.8,8.37,success
3965,Delta,api,media,10.86,3.06,156,0,94.9,5.99,success
3759,Alpha,ui,alta,7.56,2.94,235,0,84.2,13.09,success
3859,Delta,ui,media,4.88,3.8,27,0,78.2,13.01,success
945,Gamma,api,alta,11.93,3.25,161,4,86.1,12.47,success
4343,Delta,api,media,9.27,3.65,72,0,92.9,8.7,success
3708,Gamma,search,baja,17.98,2.36,103,1,83.6,5.69,success
4239,Delta,notifications,alta,8.51,4.6,129,2,96.1,3.46,success
3800,Beta,auth,baja,6.59,2.87,145,0,91.4,2.62,success
4433,Beta,ui,media,13.76,12.05,81,1,89.3,16.9,success
2414,Beta,api,media,11.56,3.36,153,1,82.3,9.13,success
2030,Delta,auth,alta,8.67,3.95,142,0,98.0,5.82,success
3228,Delta,search,baja,13.6,2.96,71,1,75.9,4.8,failed
2570,Delta,ui,media,8.07,2.34,389,1,93.6,5.51,success
3277,Gamma,auth,baja,10.64,4.17,118,1,91.6,11.71,rolled_back
1873,Alpha,notifications,media,8.85,4.66,149,1,78.7,16.05,success
3483,Gamma,api,baja,13.27,4.46,73,0,93.7,6.7,success
4201,Beta,ui,baja,7.09,5.91,145,0,82.0,5.4,success
4810,Alpha,auth,media,5.29,2.87,161,0,96.7,3.78,success
2764,Gamma,auth,baja,2.26,2.96,176,1,85.6,4.04,success
3699,Delta,search,baja,7.52,3.05,68,0,95.1,12.3,success
1753,Delta,notifications,baja,6.17,3.7,118,2,82.6,9.3,success
2058,Beta,ui,baja,4.75,3.12,136,1,91.2,3.35,success
2528,Beta,ui,alta,5.33,5.51,92,0,88.8,4.17,success
4925,Gamma,notifications,baja,16.44,7.47,417,1,85.3,3.81,success
192,Alpha,auth,baja,5.24,2.8,88,1,77.7,19.54,success
2465,Alpha,api,baja,4.17,1.51,101,1,,2.95,success
2253,Beta,api,alta,14.9,4.54,44,0,94.1,17.4,success
3283,Delta,search,media,10.0,3.06,286,1,75.1,2.85,success
2722,Gamma,search,baja,10.51,2.74,98,0,93.4,15.83,success
1947,Alpha,ui,critica,5.15,3.09,182,1,68.1,4.65,success
2348,Delta,payments,baja,5.68,4.76,111,0,87.2,4.28,success
1621,Delta,payments,baja,16.47,4.46,42,1,83.7,13.67,success
4802,Alpha,ui,alta,7.39,5.01,54,3,81.4,6.69,success
3660,Alpha,ui,media,4.73,3.65,136,3,82.9,3.42,failed
1102,Alpha,search,media,4.48,5.03,95,0,88.9,10.64,success
3412,Delta,payments,baja,6.72,3.78,13,0,92.2,4.52,success
3991,Beta,api,media,7.14,3.5,115,2,77.8,7.54,success
3039,Beta,ui,media,6.56,5.56,117,3,73.2,12.12,failed
167,Beta,search,alta,5.84,2.98,211,2,71.8,11.79,success
1613,Alpha,search,critica,17.25,4.95,76,1,88.0,3.36,success
1273,Beta,api,critica,9.81,4.07,411,3,79.8,9.82,success
1025,Gamma,ui,media,7.17,2.82,241,1,86.3,17.02,success
1336,Beta,auth,media,2.37,2.3,153,0,83.5,6.75,success
2260,Gamma,payments,alta,9.76,5.8,100,0,94.0,4.47,success
3253,Gamma,payments,alta,8.01,2.44,285,1,60.0,7.39,success
1933,Delta,ui,media,6.8,3.79,17,0,86.5,15.83,success
4986,Delta,auth,critica,7.81,2.28,269,3,76.3,6.94,rolled_back
4142,Alpha,notifications,baja,4.53,3.77,27,0,95.4,5.48,success
3649,Delta,ui,media,16.78,2.49,67,1,64.1,14.48,success
153,Beta,ui,media,10.59,1.67,13,1,75.7,12.77,success
2548,Beta,ui,baja,17.77,2.58,66,1,78.8,7.37,success
4697,Beta,ui,baja,12.25,1.78,62,0,97.0,3.37,success
2005,Alpha,notifications,baja,10.37,7.62,77,0,82.2,5.15,success
1490,Gamma,auth,baja,9.2,2.63,35,0,91.9,12.15,success
2907,Gamma,api,alta,16.31,4.08,108,2,67.8,4.37,success
1785,Gamma,auth,media,11.15,3.43,54,1,80.9,12.76,success
2877,Alpha,auth,media,17.98,4.12,36,0,87.9,17.43,success
1104,Alpha,payments,media,3.72,3.24,272,1,71.7,17.86,success
4831,Delta,ui,media,7.54,5.23,102,3,79.1,3.19,failed
2644,Beta,ui,alta,3.74,4.18,149,0,84.4,4.7,success
2592,Gamma,notifications,alta,7.09,3.04,255,0,82.0,5.14,success
32,Gamma,payments,media,5.06,1.24,132,0,92.3,7.57,success
938,Beta,ui,media,15.74,2.99,159,2,79.0,4.78,success
2195,Alpha,ui,media,3.83,3.3,63,0,83.0,4.49,success
1963,Gamma,ui,alta,9.6,4.55,80,0,89.6,2.88,success
3286,Alpha,auth,baja,4.61,6.25,9,0,86.0,6.38,success
310,Gamma,notifications,media,4.49,3.43,119,1,98.2,5.32,success
3167,Delta,api,media,7.89,3.42,562,1,81.7,4.71,success
4932,Delta,notifications,baja,24.05,4.67,50,1,87.1,3.72,success
3127,Beta,notifications,media,5.24,4.97,89,0,90.2,13.27,success
2125,Gamma,auth,critica,6.62,2.82,61,0,79.4,5.04,rolled_back
496,Gamma,auth,baja,7.21,2.21,42,1,93.7,16.31,success
206,Delta,auth,baja,7.51,2.66,222,0,90.2,11.36,success
2687,Gamma,search,media,11.49,2.83,73,1,55.2,4.73,rolled_back
3371,Beta,api,media,12.6,1.49,187,0,93.6,6.28,success
3846,Alpha,search,media,5.19,2.65,401,1,92.1,7.75,success
306,Beta,notifications,media,12.92,4.7,102,0,91.0,3.48,success
3809,Delta,notifications,baja,7.14,2.93,319,1,87.5,6.45,success
4010,Beta,notifications,baja,4.25,6.46,71,1,89.4,2.11,success
1062,Delta,api,media,9.84,4.49,25,1,83.2,5.62,success
844,Beta,auth,baja,14.18,2.2,70,0,89.3,11.52,success
2727,Alpha,notifications,baja,9.44,3.18,227,1,77.3,5.9,success
2265,Gamma,ui,alta,14.46,6.17,196,1,83.8,3.55,success
212,Delta,search,media,6.16,3.05,153,1,91.1,23.6,success
4613,Beta,ui,media,9.11,2.0,76,0,91.6,11.45,success
680,Alpha,ui,baja,7.42,5.34,127,0,67.8,9.25,success
566,Beta,payments,media,5.87,3.02,187,2,97.1,5.3,success
4720,Alpha,ui,alta,8.52,2.31,88,0,91.2,16.12,success
3935,Alpha,api,media,15.97,6.37,241,2,84.8,4.01,rolled_back
681,Beta,notifications,media,27.17,8.83,114,1,90.3,11.1,success
181,Gamma,api,alta,17.08,4.74,144,0,78.5,1.99,success
2674,Delta,api,baja,18.59,2.4,127,0,93.5,4.74,success
2941,Beta,notifications,media,4.24,2.16,160,2,91.7,3.18,success
2330,Beta,ui,alta,4.88,4.05,93,1,70.9,6.15,success
4282,Beta,auth,media,6.02,6.92,108,1,86.7,6.7,success
279,Beta,api,alta,5.91,7.15,118,0,93.8,9.06,success
1293,Beta,api,baja,7.4,1.66,111,0,90.5,22.7,success
1296,Gamma,api,alta,15.94,2.24,38,2,90.2,2.85,success
433,Gamma,api,media,9.51,4.34,294,1,85.0,10.46,success
290,Gamma,notifications,baja,3.03,2.18,158,1,68.2,10.26,success
1028,Gamma,notifications,alta,8.86,4.2,148,0,65.9,5.14,success
536,Alpha,auth,media,6.98,4.51,61,0,93.3,2.05,success
3444,Delta,api,alta,6.4,2.92,169,0,74.2,3.57,success
189,Gamma,search,alta,6.77,3.36,205,0,89.7,6.52,success
2188,Alpha,payments,media,3.84,2.82,226,2,88.7,11.5,success
3931,Beta,api,media,13.15,4.24,193,1,84.6,5.01,success
3700,Beta,auth,baja,5.17,2.74,66,1,79.9,3.2,success
271,Gamma,notifications,media,9.18,3.31,282,3,89.5,9.3,success
2134,Alpha,notifications,media,4.3,2.99,75,1,88.2,3.62,success
4791,Beta,search,critica,4.85,5.15,275,0,98.3,4.6,success
2171,Beta,api,baja,7.53,2.86,108,1,89.9,7.17,success
3711,Beta,api,baja,9.98,4.25,182,1,93.8,4.34,success
112,Beta,search,baja,4.87,4.03,261,2,91.1,4.91,success
3078,Alpha,payments,baja,3.94,2.44,20,0,70.6,27.08,success
221,Gamma,auth,media,10.74,5.56,299,1,93.2,4.86,success
628,Gamma,auth,media,22.43,4.97,237,0,78.0,23.36,success
3533,Alpha,auth,alta,5.44,2.73,152,2,70.7,7.59,success
4800,Delta,auth,baja,15.72,5.76,49,0,79.0,3.88,success
4970,Alpha,api,media,2.6,2.55,81,0,91.8,17.2,success
791,Alpha,notifications,baja,8.03,5.16,50,1,90.4,17.07,success
2283,Beta,api,critica,4.65,4.49,93,0,95.7,7.41,success
462,Alpha,ui,alta,9.88,5.08,318,2,73.1,3.42,failed
4411,Gamma,api,media,4.14,2.0,38,1,75.2,20.91,success
552,Beta,ui,alta,18.78,2.52,350,2,92.2,7.13,success
2949,Gamma,api,critica,4.63,2.46,301,2,78.8,4.56,success
1174,Beta,api,baja,5.98,3.14,36,1,86.0,12.52,success
199,Alpha,search,media,6.26,3.48,188,1,73.5,5.14,success
2603,Alpha,api,critica,8.57,2.84,57,1,74.8,9.0,success
2744,Delta,notifications,alta,12.75,2.61,211,4,90.1,6.4,success
403,Gamma,payments,media,10.3,3.09,24,1,77.4,11.42,success
4903,Beta,api,alta,3.91,2.75,159,3,93.0,6.72,success
2965,Delta,notifications,media,7.04,4.14,140,1,74.1,3.16,success
4772,Beta,auth,media,3.45,7.49,13,0,87.5,7.38,success
2046,Delta,notifications,media,8.4,2.33,137,1,91.1,11.15,success
1780,Gamma,api,baja,6.99,2.94,72,0,88.5,18.55,success
4471,Beta,ui,media,10.87,2.98,148,2,87.2,15.51,success
651,Alpha,ui,media,10.63,6.89,190,0,92.8,1.09,success
709,Alpha,auth,alta,6.19,1.91,78,1,88.1,,success
3721,Beta,ui,baja,7.25,2.7,62,0,84.6,16.48,success
4423,Alpha,notifications,baja,3.14,2.31,39,0,77.8,18.7,success
4616,Beta,payments,baja,10.43,3.34,138,0,74.7,11.43,success
4329,Beta,ui,media,8.79,2.72,69,0,79.3,12.34,success
4830,Delta,ui,alta,8.98,5.8,65,1,84.6,4.51,success
315,Delta,notifications,media,7.84,3.6,300,2,91.3,4.02,success
3802,Beta,auth,baja,9.36,5.89,231,2,92.0,10.57,success
4483,Alpha,api,critica,5.15,2.32,52,1,95.9,5.28,success
114,Beta,ui,baja,17.44,4.3,146,2,,5.39,success
961,Alpha,api,media,7.0,2.8,101,1,88.0,6.97,success
4544,Alpha,search,media,6.77,2.26,29,0,92.0,3.03,success
3244,Gamma,auth,critica,16.0,3.26,211,0,90.9,3.5,success
4111,Beta,auth,media,8.9,2.18,6,0,91.2,7.57,success
4011,Alpha,ui,critica,5.81,3.82,65,2,89.5,5.31,success
3336,Gamma,api,media,17.5,3.64,101,1,89.4,14.15,success
1596,Beta,auth,critica,11.41,3.36,659,1,91.1,0.95,success
3208,Gamma,payments,media,16.41,4.53,164,2,84.0,8.05,success
2037,Gamma,api,alta,11.02,3.08,145,2,78.4,14.5,failed
3428,Gamma,ui,critica,5.74,2.19,13,3,75.3,4.65,success
4537,Gamma,api,critica,3.37,3.99,294,2,89.3,7.59,success
1836,Beta,ui,baja,6.47,2.57,145,0,82.7,6.19,success
1944,Alpha,search,media,5.3,3.72,7,0,86.2,23.98,success
1539,Beta,notifications,media,12.11,2.64,486,2,73.5,4.26,success
4049,Beta,ui,baja,7.36,3.15,189,1,56.9,7.04,success
2012,Delta,ui,media,7.67,3.12,58,1,72.3,14.14,success
4199,Beta,ui,media,5.95,1.75,179,0,63.0,1.6,success
3689,Beta,notifications,critica,5.69,6.56,59,0,82.2,2.86,success
2593,Alpha,api,baja,9.98,1.94,31,0,87.0,10.85,success
2293,Alpha,ui,baja,7.56,2.19,176,0,67.3,13.36,success
4700,Beta,payments,media,5.96,6.19,52,2,72.0,4.48,success
2875,Alpha,ui,CRITICA,17.37,3.57,73,0,91.6,5.89,failed
3339,Delta,search,baja,7.97,6.96,172,0,80.8,16.77,success
1445,Alpha,api,alta,7.11,2.46,123,2,86.3,2.1,success
3085,Gamma,ui,media,19.59,4.44,30,0,81.7,8.92,rolled_back
1745,Gamma,payments,alta,11.71,2.44,110,2,91.5,15.39,success
790,Beta,payments,alta,8.62,2.99,166,2,92.0,14.93,success
2433,Delta,search,baja,12.65,6.0,196,1,84.3,13.48,success
3050,Beta,auth,media,5.9,2.74,11,2,69.5,10.24,success
4078,Gamma,api,media,9.12,3.87,57,1,85.0,12.1,success
872,Alpha,search,baja,7.79,2.47,17,0,83.4,4.48,success
1719,Alpha,api,baja,4.61,2.47,103,0,90.2,23.57,success
1346,Gamma,search,baja,13.37,3.14,150,2,71.9,20.97,success
1339,Gamma,auth,media,19.03,2.83,313,0,,16.41,success
74,Delta,search,alta,12.58,4.73,205,0,84.2,3.83,success
4141,Delta,payments,baja,4.78,3.32,102,1,65.8,3.9,success
3651,Alpha,api,baja,8.51,2.17,25,0,90.0,7.03,success
1361,Beta,auth,media,10.97,3.75,126,0,84.3,9.25,success
3023,Alpha,search,media,4.35,4.17,122,0,82.7,2.98,success
3018,Beta,auth,baja,5.21,3.28,185,1,88.7,8.14,success
4640,Alpha,notifications,critica,11.1,2.19,137,5,,6.93,success
3825,Delta,api,media,17.83,4.01,182,0,85.8,8.79,success
3419,Alpha,search,alta,5.42,3.84,423,2,,30.84,success
2898,Beta,api,baja,5.49,5.49,46,0,93.4,3.31,success
1748,Delta,payments,baja,15.03,2.77,65,1,90.8,3.59,success
495,Delta,payments,alta,9.22,6.63,121,2,94.7,5.53,success
3144,Alpha,payments,baja,5.78,5.64,138,1,86.5,,success
2631,Beta,auth,baja,8.8,2.23,67,0,89.6,6.8,success
4915,Alpha,auth,baja,7.88,2.68,55,2,91.1,5.18,failed
1165,Gamma,payments,media,4.68,2.0,85,0,84.7,8.79,success
3354,Gamma,payments,media,7.19,2.66,135,0,87.7,19.53,success
2270,Alpha,api,critica,6.37,4.77,121,0,76.5,5.55,success
1515,Gamma,ui,media,8.11,2.27,113,2,87.8,5.41,success
4491,Gamma,auth,media,5.57,3.36,148,1,91.8,17.24,success
2459,Alpha,notifications,alta,5.36,3.84,225,0,79.6,9.69,success
619,Alpha,notifications,critica,9.78,3.35,77,2,80.5,2.84,rolled_back
1721,Gamma,payments,critica,11.06,5.42,83,0,87.4,3.02,success
1879,Beta,payments,baja,12.08,4.87,68,0,90.9,13.18,success
4178,Gamma,api,alta,8.48,1.51,109,1,73.8,4.62,success
2526,Alpha,search,baja,6.25,3.8,66,1,92.5,8.25,success
2087,Gamma,api,media,9.91,3.88,213,1,73.8,11.17,success
3424,Gamma,notifications,critica,13.82,5.69,66,1,76.7,6.23,success
870,Gamma,auth,media,5.95,2.68,199,0,82.5,10.88,success
4907,Gamma,ui,media,14.9,5.02,142,0,93.0,11.86,success
1043,Beta,auth,baja,5.95,5.56,85,0,79.6,8.42,success
3876,Gamma,notifications,media,14.91,2.08,472,3,78.0,2.38,success
357,Alpha,api,alta,4.61,6.91,321,2,84.9,3.9,success
1163,Delta,payments,alta,11.07,2.51,5,1,81.6,16.94,success
2779,Gamma,api,media,7.36,6.65,41,2,86.1,9.57,success
4442,Beta,ui,critica,4.05,2.43,324,2,74.1,1.18,success
4867,Delta,search,alta,8.29,4.63,210,2,92.4,6.19,success
1570,Delta,notifications,media,6.58,3.62,199,0,,9.94,success
2105,Gamma,auth,media,5.77,2.89,84,0,94.3,4.68,success
3561,Alpha,search,baja,8.9,3.5,182,0,76.1,3.45,success
3655,Gamma,notifications,alta,4.73,3.0,364,3,85.8,2.53,success
2760,Beta,api,baja,4.32,5.02,133,1,71.5,3.72,success
3966,Delta,api,media,5.71,4.46,72,0,86.8,1.78,success
333,Alpha,ui,media,4.48,4.2,298,3,77.0,21.58,success
2124,Alpha,auth,media,8.6,3.26,31,1,70.4,7.23,rolled_back
2750,Delta,auth,media,7.24,2.39,81,0,80.1,9.39,success
1624,Delta,payments,media,5.2,4.93,9,0,98.6,24.13,success
3683,Alpha,search,alta,6.94,3.34,78,1,77.2,3.82,success
1653,Gamma,ui,alta,13.77,3.85,241,2,93.9,4.21,success
1117,Gamma,notifications,media,7.89,4.16,160,1,78.8,2.93,success
1874,Beta,api,media,5.27,4.18,45,0,89.6,5.6,success
3569,Delta,search,media,9.74,2.9,34,1,,11.4,success
2481,Gamma,ui,baja,12.87,3.36,7,0,92.4,26.35,success
4382,Beta,ui,media,20.36,5.69,268,2,89.3,2.68,success
2776,Delta,auth,alta,2.06,1.58,234,2,93.4,7.99,success
446,Beta,auth,media,4.67,3.26,162,1,90.1,21.76,success
2388,Delta,search,alta,8.48,3.91,123,0,76.4,9.82,success
453,Beta,auth,alta,7.52,4.35,85,1,83.7,3.05,success
2291,Alpha,auth,media,6.56,3.4,108,0,71.1,3.42,success
4443,Delta,search,media,4.99,1.91,229,2,80.4,4.66,success
4561,Beta,api,alta,4.83,4.49,44,2,67.8,10.46,success
15,Delta,api,critica,10.97,1.62,119,1,88.0,1.07,success
2928,Beta,api,baja,9.87,,17,0,86.8,33.52,success
946,Beta,ui,alta,8.53,2.52,100,1,92.3,15.11,success
248,Alpha,ui,baja,2.83,3.83,137,1,85.5,7.93,success
3231,Beta,api,baja,4.33,5.6,102,1,74.0,2.78,success
361,Beta,auth,alta,7.44,3.62,89,1,81.6,2.66,success
4665,Beta,api,alta,6.44,2.07,86,1,90.3,2.94,success
3742,Beta,api,baja,9.52,5.11,18,0,89.5,14.85,success
2317,Alpha,notifications,baja,11.3,4.85,123,2,98.2,4.04,success
1671,Gamma,api,alta,6.74,,152,3,81.8,4.45,success
3182,Alpha,api,alta,3.08,4.39,365,2,86.1,4.59,success
3653,Delta,api,media,12.69,2.83,116,0,79.6,4.69,success
3505,Beta,ui,media,9.76,5.43,269,1,93.7,2.2,success
2918,Gamma,ui,media,3.09,2.18,147,1,75.5,7.19,success
4893,Gamma,payments,media,16.74,5.2,106,0,86.0,23.63,success
2866,Alpha,payments,baja,10.89,3.86,237,1,81.2,6.95,success
491,Delta,api,baja,5.31,2.04,87,0,88.5,8.57,success
863,Gamma,search,media,5.41,2.35,111,1,96.4,4.21,success
3543,Delta,notifications,media,8.29,3.74,80,1,85.1,2.08,success
2226,Delta,notifications,media,5.94,2.56,85,3,83.8,2.03,success
2334,Delta,ui,alta,4.4,4.15,25,0,87.0,5.8,failed
2461,Alpha,notifications,media,5.24,2.89,108,2,78.5,17.28,success
4714,Gamma,notifications,media,12.05,4.01,355,3,97.5,3.16,failed
507,Beta,auth,critica,6.25,2.26,81,1,88.6,14.92,success
4904,Gamma,auth,alta,16.18,4.38,237,1,95.4,4.13,success
4973,Delta,ui,media,6.13,3.32,63,3,86.7,13.15,success
2084,Gamma,auth,media,3.64,5.42,113,0,78.4,5.08,success
1223,Delta,auth,media,5.2,3.52,105,0,90.5,14.47,success
1114,Delta,ui,alta,3.85,2.63,167,1,86.8,7.71,success
2179,Alpha,ui,baja,2.57,2.4,80,0,95.3,3.66,success
4746,Alpha,search,baja,4.92,6.26,18,0,95.6,4.94,success
4572,Gamma,ui,alta,7.93,2.41,42,0,88.0,6.43,success
4681,Alpha,api,alta,5.1,1.92,101,2,65.6,6.93,success
434,Delta,auth,media,7.46,5.79,107,0,87.3,4.03,success
2229,Gamma,api,baja,6.49,4.01,227,0,78.1,23.1,success
3168,Beta,api,media,3.93,3.63,300,3,70.2,4.86,failed
3008,Beta,ui,alta,11.73,1.17,75,0,91.3,3.67,success
2219,Alpha,search,media,10.3,1.65,186,1,92.6,6.81,success
1540,Beta,ui,media,7.94,2.82,169,1,87.6,4.05,success
4696,Beta,notifications,baja,14.04,3.93,86,0,83.2,10.95,success
2146,Alpha,ui,baja,4.43,2.73,74,0,74.1,16.19,success
1428,Delta,api,baja,5.38,6.56,127,3,88.5,9.09,success
2930,Beta,auth,media,8.41,3.83,63,1,78.6,3.52,success
1103,Delta,auth,media,10.24,1.67,107,0,92.5,2.83,success
2101,Delta,auth,media,9.86,5.94,70,0,88.7,11.26,success
3201,Beta,api,baja,11.87,1.78,147,0,84.0,9.34,success
4864,Alpha,notifications,media,5.4,4.35,148,2,91.6,4.53,success
3858,Alpha,auth,alta,7.23,2.34,121,1,-7.0,5.76,success
157,Gamma,api,baja,11.23,3.27,111,0,85.1,5.01,success
2992,Gamma,auth,baja,7.46,,57,0,78.3,7.84,success
3691,Alpha,ui,critica,6.99,4.77,157,1,,3.6,success
616,Gamma,api,alta,4.74,2.37,32,1,91.0,5.48,success
644,Beta,auth,alta,5.52,4.27,73,2,87.8,11.01,success
3958,Beta,payments,alta,5.39,3.01,156,1,94.9,12.27,success
2518,Beta,ui,critica,4.3,5.56,202,1,83.1,1.38,success
1069,Alpha,api,baja,7.15,3.05,133,0,74.3,8.37,success
3540,Gamma,search,media,6.37,3.42,37,0,80.7,12.77,success
2659,Alpha,auth,media,7.73,3.43,132,1,73.4,36.63,success
4248,Delta,auth,baja,11.34,3.27,84,1,84.9,11.16,success
1584,Alpha,ui,baja,4.76,1.98,56,0,84.9,2.45,success
331,Beta,ui,media,5.1,3.19,190,0,86.9,7.57,success
3803,Gamma,payments,critica,2.91,4.54,190,4,86.7,2.33,success
2660,Beta,api,critica,6.97,1.42,157,1,93.0,5.92,success
4993,Alpha,payments,media,7.52,3.39,227,1,78.0,5.31,success
623,Beta,search,media,8.26,3.97,85,1,87.3,5.93,success
1618,Delta,notifications,media,4.93,4.03,374,1,83.0,12.71,success
4774,Beta,api,media,2.04,3.13,107,2,79.0,8.3,success
4059,Alpha,api,baja,4.75,2.56,68,1,70.6,24.6,failed
2963,Beta,auth,baja,8.87,3.55,53,2,72.2,23.31,success
2115,Alpha,auth,baja,5.46,5.64,36,0,80.4,41.9,success
4215,Delta,auth,media,23.19,3.8,46,0,83.1,6.46,success
2723,Alpha,search,media,7.27,3.2,164,1,69.9,6.26,success
756,Delta,payments,media,6.95,4.08,24,0,96.9,14.14,success
519,Alpha,auth,baja,7.49,2.7,117,0,84.8,9.69,success
4358,Delta,api,critica,9.71,7.2,164,2,89.8,2.34,success
33,Alpha,notifications,alta,6.46,3.04,42,1,104.4,4.84,rolled_back
4689,Alpha,auth,media,2.82,2.71,111,0,74.1,,success
1158,Beta,ui,media,14.34,2.92,163,0,58.3,5.46,success
745,Delta,api,media,6.54,2.6,63,0,70.7,16.56,success
1422,Delta,api,baja,6.86,3.14,205,1,91.8,34.52,success
2417,Delta,ui,media,20.62,3.95,258,2,98.1,4.18,success
1659,Alpha,ui,baja,8.1,3.62,167,1,82.4,12.43,success
3494,Alpha,ui,alta,3.84,2.88,168,1,91.7,17.29,success
784,Delta,api,media,3.68,2.87,70,0,89.4,5.22,success
2788,Delta,api,media,4.73,2.53,103,1,89.7,5.08,success
2521,Beta,api,baja,6.03,,377,4,92.1,43.4,success
230,Beta,auth,media,10.7,2.77,119,2,82.4,1.7,success
858,Alpha,notifications,alta,4.0,3.01,181,1,86.5,4.33,success
4570,Delta,api,media,10.31,4.93,186,0,79.3,3.99,success
2958,Beta,api,critica,3.61,3.55,396,6,86.1,1.58,failed
409,Beta,ui,baja,8.98,5.88,127,0,76.0,2.45,success
171,Alpha,ui,alta,7.42,4.71,80,0,87.5,0.56,success
541,Beta,notifications,critica,3.53,1.52,419,3,79.6,3.8,success
2224,Beta,ui,baja,7.64,3.24,82,0,79.8,32.33,success
2318,Alpha,api,alta,6.73,7.26,112,1,80.4,10.11,success
2581,Delta,api,media,4.59,3.28,118,1,72.7,25.66,success
614,Beta,notifications,critica,12.5,3.01,310,0,94.3,3.76,success
2647,Beta,search,media,12.71,2.69,306,3,91.9,5.57,failed
1832,Beta,payments,alta,4.37,3.9,154,2,88.6,4.11,failed
3619,Beta,ui,critica,8.01,3.41,194,0,92.8,3.69,success
1162,Beta,payments,baja,6.71,3.04,78,0,75.9,4.1,success
2074,Beta,notifications,media,3.54,1.98,304,2,80.6,23.5,success
2379,Delta,api,media,10.04,3.24,265,2,65.5,2.38,success
1617,Beta,api,alta,5.1,2.43,66,3,87.4,7.07,success
1633,Gamma,ui,baja,5.62,3.37,105,0,87.0,16.03,success
4196,Beta,auth,media,7.59,2.46,196,2,72.1,3.01,success
2212,Gamma,payments,critica,11.55,1.95,176,0,84.1,2.88,success
565,Alpha,api,baja,10.05,3.81,243,0,98.1,14.13,success
3587,Beta,api,baja,7.49,8.76,271,2,92.2,76.61,success
4256,Beta,auth,media,14.95,2.43,21,0,74.4,6.46,success
1819,Beta,notifications,alta,5.91,2.9,316,2,76.7,1.04,success
1492,Gamma,auth,alta,7.62,2.38,211,0,83.1,3.22,success
1850,Delta,api,media,6.66,2.41,69,0,86.0,15.18,success
1420,Alpha,ui,media,5.58,2.91,36,2,77.4,4.79,success
4937,Alpha,search,alta,10.93,3.51,56,1,81.2,5.33,failed
3973,Beta,notifications,critica,14.32,3.48,60,1,79.3,6.63,success
1555,Delta,search,media,5.5,4.75,101,3,57.4,11.97,success
2407,Gamma,ui,baja,9.88,4.67,74,1,89.1,3.53,success
2498,Beta,ui,alta,3.21,1.83,55,0,87.9,,success
2415,Beta,payments,media,12.68,3.49,337,0,80.5,,success
1173,Gamma,payments,media,6.89,3.63,162,1,90.2,4.06,success
4778,Beta,api,media,6.87,3.36,427,2,89.0,6.17,success
326,Alpha,ui,baja,13.5,1.42,242,0,84.9,9.06,success
1052,Alpha,api,media,7.92,,96,1,83.1,9.2,success
4622,Alpha,api,media,3.72,4.6,135,0,85.5,9.31,success
3308,Alpha,api,media,4.53,7.07,225,0,95.0,3.14,success
4202,Gamma,auth,alta,4.13,3.26,133,0,90.8,5.39,success
2288,Beta,ui,alta,8.74,3.05,194,3,92.1,7.1,success
1520,Beta,ui,media,6.81,7.59,29,1,77.5,1.95,success
1197,Beta,auth,baja,12.14,1.68,98,0,85.5,10.18,success
621,Beta,ui,media,3.91,3.3,116,0,87.3,13.28,success
1393,Beta,notifications,media,11.01,1.85,82,0,62.8,11.86,success
2893,Beta,search,media,11.92,3.78,51,0,80.3,3.07,success
1190,Gamma,payments,alta,6.4,4.89,311,0,87.4,4.0,success
329,Delta,payments,baja,7.82,1.47,70,0,93.9,10.41,success
649,Alpha,search,media,12.09,2.53,101,0,88.8,9.51,success
898,Alpha,payments,media,4.98,2.64,56,0,75.2,6.43,success
1607,Gamma,payments,media,4.03,3.45,100,0,92.9,2.72,success
1124,Delta,payments,alta,14.71,4.4,178,0,93.5,21.3,success
2917,Beta,ui,baja,9.55,5.86,243,3,74.4,6.74,success
4652,Gamma,ui,media,5.9,3.6,184,1,93.6,25.05,success
3393,Beta,search,critica,8.41,8.07,30,0,88.7,3.0,success
4295,Alpha,api,baja,7.45,3.46,284,1,74.7,6.96,success
1943,Beta,ui,critica,9.28,3.25,291,3,90.5,4.47,rolled_back
3838,Beta,notifications,alta,4.56,2.8,254,0,81.0,3.16,rolled_back
4326,Alpha,ui,media,6.88,2.95,72,0,84.9,2.76,success
2743,Gamma,api,alta,12.93,3.48,29,1,84.6,2.67,success
1567,Alpha,search,baja,7.53,2.48,117,1,85.4,8.85,success
2093,Beta,payments,media,9.84,3.33,63,0,90.8,17.8,success
1024,Alpha,auth,baja,3.28,1.63,159,1,80.1,5.21,success
2424,Beta,ui,baja,7.04,2.4,199,0,71.8,18.74,success
2405,Beta,api,media,3.27,9.95,84,1,74.5,27.57,success
2978,Alpha,ui,media,11.96,1.32,82,0,89.9,3.7,success
1418,Beta,auth,media,10.07,3.86,56,0,95.5,7.97,success
1514,Delta,auth,alta,2.76,3.09,58,1,92.9,8.53,success
810,Alpha,api,baja,13.0,6.33,135,2,89.9,2.12,success
3214,Beta,search,media,4.0,3.04,61,2,82.5,18.6,failed
979,Beta,notifications,media,7.75,2.36,246,2,94.9,9.21,success
4667,Gamma,api,media,6.02,2.36,191,1,68.1,17.17,success
4451,Delta,payments,baja,41.3,2.51,139,1,88.9,3.94,success
4238,Gamma,auth,media,24.95,3.0,130,1,73.4,6.31,success
4562,Beta,ui,media,6.22,2.73,32,1,75.5,10.19,success
1426,Delta,ui,critica,3.94,3.22,96,1,69.8,4.53,rolled_back
2418,Gamma,payments,media,4.33,3.31,36,1,82.8,6.06,success
4625,Gamma,ui,baja,6.15,6.97,95,1,90.0,9.7,success
4422,Delta,api,media,6.65,1.72,34,1,87.8,5.56,success
2094,Beta,ui,media,13.49,1.26,113,3,,6.98,success
175,Gamma,ui,media,15.95,2.52,49,0,93.5,2.59,success
4162,Beta,api,media,4.68,2.78,32,0,94.7,8.9,success
4063,Beta,search,critica,7.1,3.65,143,0,86.4,3.48,success
2064,Alpha,api,baja,5.31,2.75,64,0,95.6,11.02,success
4470,Alpha,notifications,alta,10.3,5.94,314,5,74.5,8.79,success
218,Delta,payments,alta,7.54,2.7,163,0,95.7,8.38,success
3930,Delta,payments,alta,7.26,2.71,135,0,97.3,15.4,success
4486,Beta,api,baja,5.03,2.16,97,0,94.2,5.54,success
691,Alpha,api,alta,8.26,4.01,202,0,78.3,2.25,success
4265,Alpha,search,baja,13.99,6.5,160,2,78.7,2.04,success
2278,Alpha,payments,critica,9.17,3.88,231,3,78.2,2.33,success
2252,Beta,api,media,3.94,2.65,119,1,79.5,8.63,failed
1107,Gamma,search,baja,23.69,2.88,32,1,75.4,14.6,success
2629,Gamma,auth,critica,8.44,1.34,282,1,83.2,9.32,success
1922,Alpha,api,media,8.12,4.41,145,0,88.0,8.78,success
1551,Alpha,ui,baja,6.83,2.55,372,1,83.1,17.9,success
612,Delta,auth, media,5.6,3.96,253,2,78.5,9.22,success
3255,Beta,notifications,baja,5.03,2.98,93,1,90.4,4.43,success
3951,Gamma,notifications,media,6.11,4.72,28,0,94.0,2.97,success
577,Alpha,payments,media,3.73,2.28,237,1,92.4,12.28,success
2576,Beta,ui,media,3.73,5.24,97,0,94.3,2.77,success
4444,Delta,api,alta,6.09,4.6,125,3,90.6,0.91,success
1181,Alpha,notifications,alta,7.96,5.08,19,0,90.6,5.93,success
889,Alpha,payments,media,10.0,2.49,125,0,93.7,4.19,success
4684,Gamma,api,media,5.54,2.84,175,1,87.4,3.25,success
1756,Alpha,notifications,media,8.76,2.45,137,0,97.4,7.55,success
2953,Gamma,ui,media,23.34,2.88,193,0,86.7,3.64,success
818,Beta,search,alta,5.99,2.34,429,2,78.2,7.15,success
3291,Alpha,payments,alta,4.04,3.34,113,1,90.5,13.58,success
4868,Alpha,api,baja,7.65,4.74,70,0,83.0,10.75,success
209,Delta,ui,alta,7.39,3.31,110,0,85.1,5.19,success
294,Alpha,api,alta,11.67,2.74,351,1,81.9,6.33,success
1120,Beta,notifications,baja,8.63,2.0,139,0,68.5,4.23,success
2227,Alpha,ui,baja,5.3,2.26,13,0,80.9,12.18,success
3667,Delta,ui,media,15.69,2.98,219,2,81.7,12.58,success
1265,Delta,api,alta,5.54,3.1,183,2,75.4,4.76,success
991,Gamma,payments,baja,6.55,10.42,133,0,89.4,23.12,rolled_back
4205,Beta,api,baja,4.99,6.98,80,0,74.6,15.47,success
2255,Alpha,api,critica,2.99,5.04,43,0,-0.8,9.42,success
354,Delta,notifications,baja,7.24,2.68,33,1,78.6,8.36,success
1877,Beta,auth,media,10.98,2.4,83,2,78.5,24.51,success
2903,Beta,ui,alta,17.55,5.24,336,3,78.8,10.23,success
3056,Beta,ui,media,13.5,3.31,111,3,63.7,5.83,success
4924,Alpha,auth,critica,4.68,3.92,15,1,93.6,4.7,success
3571,Gamma,payments,media,7.64,6.35,165,0,85.5,5.57,success
1229,Beta,ui,baja,5.08,1.9,51,0,90.7,13.94,success
260,Gamma,api,alta,21.53,4.68,69,0,67.6,20.21,success
3771,Delta,search,baja,3.4,2.07,175,1,83.8,7.86,success
2940,Alpha,notifications,critica,3.1,1.58,150,2,92.2,4.08,success
4748,Beta,ui,media,7.67,5.0,12,2,63.2,2.61,failed
2437,Alpha,api,critica,18.51,3.01,299,5,68.3,6.27,success
2556,Beta,notifications,media,15.7,3.18,38,0,72.9,10.69,success
53,Beta,notifications,media,11.2,2.28,130,1,76.2,12.6,success
4002,Beta,payments,baja,6.45,3.89,17,0,90.0,9.09,success
4160,Alpha,search,alta,5.03,2.33,107,0,80.7,8.6,success
2943,Gamma,auth,media,10.12,2.8,231,0,94.0,28.98,success
2423,Delta,payments,baja,5.31,6.24,186,2,88.1,7.48,success
3592,Delta,notifications,baja,3.39,3.13,151,0,,19.26,success
2358,Beta,payments,media,10.39,3.35,153,0,93.5,2.46,success
1480,Gamma,api,media,6.39,4.48,109,1,78.5,35.81,success
1034,Beta,notifications,media,7.3,1.91,208,2,91.3,7.01,success
1098,Gamma,ui,alta,11.86,2.93,97,1,74.7,1.09,success
1470,Alpha,api,baja,8.95,2.96,416,1,82.2,3.19,success
544,Delta,api,media,4.76,2.75,5,0,92.4,13.94,success
1047,Gamma,payments,media,9.26,3.63,124,1,69.1,4.46,success
1920,Gamma,payments,media,7.08,4.29,93,0,94.9,1.97,success
1594,Delta,auth,baja,14.59,3.45,145,0,86.1,5.93,success
31,Gamma,api,alta,5.96,3.1,101,1,86.8,3.32,success
726,Beta,search,baja,5.17,3.25,221,1,73.8,4.77,success
3289,Gamma,ui,alta,7.22,2.42,199,2,86.5,1.52,success
2111,Gamma,api,CRITICA,10.3,3.01,139,1,95.6,4.7,success
3919,Alpha,search,alta,8.86,4.94,103,0,91.7,7.29,success
1427,Alpha,api,media,3.99,4.62,158,1,86.1,12.9,success
2529,Beta,notifications,baja,8.56,1.82,152,1,96.3,6.72,success
437,Beta,api,baja,6.26,2.6,74,0,89.0,24.71,success
2484,Gamma,auth,baja,6.36,1.4,15,2,73.0,5.72,success
913,Beta,ui,alta,6.75,5.62,60,0,75.1,18.89,success
4230,Delta,api,alta,11.0,0.77,119,3,93.6,2.19,success
4541,Beta,ui,baja,8.54,,176,0,90.1,16.53,success
4521,Beta,ui,media,9.13,3.25,68,0,76.4,6.82,success
4639,Beta,search,media,13.68,2.24,139,0,91.6,3.7,success
2703,Beta,payments,critica,6.25,,135,1,84.3,3.76,success
1630,Beta,api,media,3.46,6.25,53,1,88.3,12.21,success
1239,Delta,api,critica,16.92,2.14,196,0,97.2,11.22,success
904,Delta,notifications,baja,8.06,4.16,241,1,74.0,17.45,success
3159,Delta,search,media,4.88,3.9,91,3,86.4,17.19,failed
3733,Gamma,ui,media,8.05,2.95,181,2,77.1,13.11,success
4758,Beta,search,media,6.37,1.93,177,3,87.4,8.23,success
508,Alpha,payments,media,5.84,4.52,43,0,90.1,13.12,success
3740,Alpha,payments,alta,5.32,2.69,34,1,60.4,19.25,failed
184,Beta,api,baja,7.49,4.04,201,1,86.4,58.78,success
3794,Beta,payments,baja,12.26,3.93,151,0,89.7,7.04,success
1498,Delta,ui,baja,5.34,2.76,123,1,94.0,4.83,success
2768,Gamma,ui,alta,7.48,2.5,100,2,94.3,1.4,failed
322,Gamma,auth,baja,8.71,3.74,177,0,86.6,18.63,success
3300,Delta,auth,media,8.66,4.48,25,0,92.1,26.56,success
1533,Alpha,search,media,10.02,2.97,37,0,95.7,3.87,success
4532,Alpha,auth,baja,4.54,2.65,54,1,84.8,4.96,success
4336,Alpha,ui,baja,2.96,1.73,24,0,94.0,15.31,success
1804,Delta,api,media,14.2,4.18,148,0,83.8,5.51,success
1865,Alpha,ui,baja,3.56,1.94,18,0,88.4,14.12,success
4368,Delta,api,baja,5.68,4.19,72,0,84.7,6.35,success
4446,Beta,auth,media,6.7,1.79,187,2,87.4,17.49,success
1147,Alpha,api,Alta,9.06,2.92,56,1,66.2,3.4,success
4583,Beta,auth,media,8.03,3.83,231,0,94.2,7.97,success
45,Beta,ui,media,6.01,4.27,486,1,92.0,11.01,success
2182,Delta,payments,media,13.89,2.85,293,4,84.9,18.84,success
1631,Delta,auth,media,8.8,5.61,46,0,89.6,4.37,success
1955,Alpha,ui,baja,4.54,4.24,134,0,81.4,10.47,success
1379,Alpha,auth,baja,6.04,2.76,132,0,90.6,2.98,success
1789,Gamma,auth,media,5.33,1.88,85,0,72.9,3.85,success
3879,Alpha,notifications,baja,2.8,3.58,158,1,89.2,9.84,success
414,Gamma,auth,media,9.92,3.29,76,1,94.7,6.98,success
4088,Delta,search,media,13.49,3.52,42,1,80.0,2.59,success
1408,Delta,api,baja,10.66,,114,1,62.6,4.28,success
1808,Beta,payments,alta,5.58,6.24,235,1,93.8,13.48,success
802,Alpha,ui,alta,10.33,4.09,71,2,78.9,10.88,success
1289,Alpha,api,media,3.54,1.49,68,0,91.7,3.29,success
2196,Alpha,ui,critica,5.89,1.58,166,1,84.0,5.5,success
4691,Delta,api,alta,5.28,3.13,165,0,91.8,4.75,success
4211,Delta,auth,media,9.87,1.71,115,0,89.0,48.27,success
2332,Beta,auth,media,8.99,3.18,248,1,80.0,46.79,success
257,Gamma,api,media,16.37,2.14,59,0,86.3,,success
3735,Alpha,api,critica,2.94,4.46,154,1,79.6,5.98,success
4074,Alpha,auth,baja,14.02,5.6,206,0,91.7,6.66,success
1152,Beta,auth,baja,4.48,2.77,85,0,91.8,5.73,success
2315,Beta,notifications,media,5.7,4.44,37,1,77.5,3.93,success
648,Delta,auth,media,8.76,5.81,48,0,61.8,9.76,success
2922,Alpha,payments,baja,6.04,3.03,204,0,73.6,10.14,success
4707,Gamma,ui,critica,11.5,2.97,340,3,89.1,3.26,success
4308,Alpha,ui,media,5.53,1.56,75,1,94.9,36.5,success
3784,Beta,api,alta,4.52,1.74,292,0,94.3,2.7,success
1316,Beta,api,media,12.48,2.87,118,0,79.0,10.51,success
4923,Beta,search,baja,7.08,1.94,227,0,90.4,12.89,success
1993,Beta,ui,baja,5.81,1.66,52,1,87.4,10.05,success
2479,Beta,payments,media,7.92,2.84,169,6,72.6,2.11,rolled_back
1724,Gamma,ui,media,11.79,3.9,104,2,93.1,7.12,success
1351,Gamma,auth,critica,4.71,3.41,59,1,82.9,3.28,success
3748,Gamma,auth,alta,4.37,3.26,196,1,94.3,13.15,success
113,Gamma,notifications,baja,25.62,2.43,422,3,71.8,15.71,success
4569,Delta,api,media,15.89,3.23,150,2,78.4,4.4,success
264,Gamma,api,baja,7.62,3.34,37,0,70.7,3.25,success
1394,Alpha,ui,alta,3.05,5.5,188,1,87.6,6.12,success
2241,Delta,payments,media,10.42,7.67,103,1,84.3,1.89,success
1187,Alpha,ui,media,2.67,5.7,51,0,90.2,12.82,success
3133,Delta,api,alta,7.56,3.94,64,2,69.0,24.79,success
57,Delta,api,media,10.08,3.65,281,2,81.8,2.25,success
1310,Alpha,search,baja,12.34,3.94,111,1,90.6,13.98,success
696,Beta,auth,baja,2.57,2.07,41,0,71.4,2.62,failed
3382,Alpha,api,baja,3.85,1.32,53,0,93.5,4.49,success
2221,Beta,api,baja,4.29,4.43,324,2,90.8,15.01,success
3099,Beta,ui,media,8.67,2.25,38,2,88.1,1.53,success
2319,Delta,auth,baja,5.11,6.23,74,0,79.6,2.27,success
320,Gamma,search,critica,7.76,6.73,146,1,95.3,2.61,success
2300,Alpha,search,media,8.42,2.12,80,1,82.5,6.66,success
683,Gamma,notifications,alta,7.39,4.39,145,1,82.4,6.12,success
2329,Gamma,payments,alta,11.2,3.49,357,4,93.4,20.07,failed
3227,Delta,auth,critica,6.17,2.83,101,1,84.5,3.92,success
3818,Alpha,ui,baja,7.74,6.64,53,0,65.6,2.92,success
3679,Delta,ui,alta,13.06,3.03,103,1,88.9,6.24,success
3837,Beta,payments,baja,20.27,2.37,39,0,89.4,19.16,success
287,Alpha,ui,baja,4.91,2.43,222,1,89.3,8.32,success
4363,Gamma,search,critica,4.0,2.68,66,0,80.2,4.52,success
2139,Alpha,payments,media,6.03,3.48,118,2,91.5,13.48,failed
4879,Alpha,ui,media,3.26,2.4,336,0,85.6,1.23,success
3079,Delta,api,critica,7.46,5.18,48,0,93.8,12.31,success
1739,Alpha,ui,alta,5.1,5.58,191,2,84.8,7.5,success
3514,Alpha,auth,baja,6.8,6.95,175,2,84.2,4.79,success
1627,Alpha,search,baja,15.77,2.23,118,0,82.4,,success
2460,Gamma,ui,baja,7.09,3.93,162,1,92.3,14.17,success
737,Alpha,payments,baja,7.39,4.14,88,0,89.2,6.22,success
3922,Alpha,api,media,9.03,2.68,13,0,97.7,5.23,success
337,Beta,auth,media,7.07,7.36,44,0,83.1,4.54,success
3942,Delta,ui,media,6.43,5.18,44,0,97.0,7.59,success
2785,Alpha,payments,alta,4.64,2.44,129,0,88.6,11.97,failed
2655,Alpha,notifications,critica,4.31,2.39,430,2,86.4,1.68,success
4413,Gamma,search,alta,8.09,3.03,68,0,94.1,2.74,success
1072,Beta,auth,alta,10.72,3.48,488,5,82.5,4.18,success
2304,Gamma,auth,media,3.17,7.23,99,1,80.3,6.16,success
4463,Beta,ui,baja,3.59,2.08,5,0,66.2,17.61,success
2305,Gamma,ui,media,9.8,3.65,198,1,79.2,9.19,failed
3509,Alpha,payments,media,9.79,3.48,8,0,,3.49,success
4121,Gamma,api,baja,4.58,4.51,57,3,82.6,12.79,success
3941,Beta,payments,alta,6.35,2.79,142,1,72.0,6.36,success
3380,Beta,ui,baja,7.71,3.56,59,0,76.5,5.86,success
1489,Beta,auth,media,6.8,3.45,55,1,75.1,11.79,success
499,Gamma,api,baja,6.45,2.32,38,0,91.4,3.33,success
4353,Delta,payments,baja,7.72,2.28,64,0,85.0,11.61,success
4992,Alpha,payments,media,9.0,3.74,86,0,86.1,38.79,success
2571,Delta,api,media,11.41,2.37,129,1,90.1,11.4,success
4112,Delta,payments,critica,5.76,1.87,144,0,69.7,2.57,success
2935,Alpha,api,alta,6.8,2.69,19,0,93.3,19.62,success
3051,Beta,ui,media,9.09,2.04,102,1,88.2,15.09,success
3971,Alpha,auth,baja,2.29,2.89,139,2,67.1,7.05,success
1611,Delta,payments,baja,4.54,3.8,186,1,91.3,23.7,success
2489,Beta,search,baja,5.8,1.86,94,1,93.9,6.44,success
2292,Beta,api,media,12.85,3.36,38,2,80.4,21.37,success
3232,Beta,auth,baja,3.49,4.11,39,0,94.2,9.97,success
1023,Alpha,search,baja,15.5,5.24,38,0,81.9,11.0,success
2296,Delta,auth,baja,11.81,4.78,191,0,79.0,10.78,success
4895,Beta,auth,alta,6.31,2.31,366,2,83.5,15.38,success
3470,Beta,ui,alta,9.76,2.02,113,1,81.5,4.81,success
3077,Alpha,ui,alta,5.99,2.47,52,1,71.5,,success
3275,Gamma,notifications,baja,8.55,3.16,85,0,92.5,19.71,success
666,Gamma,search,alta,12.94,6.25,9,1,69.9,17.23,success
3948,Beta,ui,alta,11.98,,69,1,94.1,1.77,success
2652,Alpha,ui,media,5.01,1.61,273,0,88.4,13.04,rolled_back
1925,Beta,ui,alta,6.1,4.0,130,3,75.6,5.37,success
4274,Alpha,search,baja,5.63,8.07,227,1,92.5,11.23,success
2534,Delta,notifications,critica,7.0,1.12,311,0,83.9,1.4,success
1018,Delta,ui,media,12.66,1.74,185,2,60.6,6.12,success
558,Alpha,payments,media,6.65,3.43,157,1,88.2,2.66,success
3946,Beta,ui,media,4.1,3.61,277,0,84.3,3.47,success
1208,Gamma,ui,alta,6.79,6.83,59,0,87.4,5.27,success
2032,Beta,search,alta,7.73,2.12,139,0,78.5,3.72,success
2670,Delta,payments,baja,10.32,6.11,204,1,80.6,,success
3095,Alpha,search,baja,14.9,3.86,73,2,76.9,6.47,success
1511,Gamma,notifications,media,8.25,3.89,120,1,76.6,8.31,success
2802,Alpha,auth,alta,3.63,5.09,218,2,86.0,13.04,success
246,Alpha,payments,media,10.89,2.72,172,0,88.8,8.9,success
1164,Alpha,ui,baja,7.65,2.84,724,3,89.6,6.66,success
2352,Beta,search,media,10.4,5.34,251,0,92.2,6.19,success
267,Gamma,auth,media,16.39,2.68,149,4,85.1,6.04,success
2380,Delta,payments,baja,12.39,3.25,343,0,93.7,13.49,success
1115,Delta,ui,baja,6.69,4.67,83,2,84.1,4.43,success
64,Alpha,api,media,7.18,4.24,173,0,93.3,13.58,success
2606,Alpha,notifications,baja,6.2,3.11,129,1,71.5,24.25,success
2183,Gamma,ui,media,10.66,5.43,44,1,67.4,14.66,success
2771,Gamma,payments,media,6.67,2.39,163,1,93.3,13.74,success
3025,Alpha,search,media,6.07,3.7,56,2,73.4,17.98,success
3090,Alpha,payments,media,5.19,2.15,33,0,81.5,11.6,success
1889,Alpha,payments,baja,4.86,3.22,518,0,94.4,16.8,success
3169,Alpha,auth,baja,7.92,1.53,6,0,74.1,10.73,success
3894,Gamma,ui,baja,6.97,2.14,162,1,61.3,4.6,success
3863,Beta,auth,media,9.58,3.96,94,0,91.3,2.48,success
1685,Gamma,api,baja,5.33,,174,1,70.8,2.51,success
1238,Gamma,auth,media,11.87,5.1,132,3,79.0,3.24,rolled_back
104,Gamma,ui,media,4.65,3.6,118,0,90.7,5.92,success
2657,Delta,api,baja,10.8,3.73,39,0,77.6,38.05,success
273,Beta,notifications,alta,12.3,4.55,121,2,96.9,6.98,success
509,Beta,auth,baja,5.45,2.48,66,0,84.8,6.63,success
2582,Beta,api,baja,10.8,4.06,33,0,92.8,30.99,success
4942,Delta,search,baja,6.87,3.07,20,1,82.7,17.55,success
2690,Delta,ui,media,12.13,3.65,59,0,87.0,7.32,success
866,Alpha,payments,media,5.44,5.54,136,0,90.3,6.31,success
2448,Alpha,api,baja,14.14,2.96,308,3,79.0,15.95,success
909,Delta,notifications,alta,15.29,3.7,85,1,82.3,5.0,success
2128,Alpha,api,media,4.47,2.81,77,1,93.0,15.07,success
4268,Gamma,api,media,13.46,3.73,178,1,89.0,8.07,success
3912,Gamma,api,alta,8.25,3.55,234,3,83.1,6.47,success
1628,Gamma,auth,media,23.22,5.42,288,2,75.9,6.1,success
2887,Delta,auth,baja,17.17,3.91,96,0,91.2,6.33,success
1523,Beta,auth,alta,13.25,3.38,53,1,96.1,4.55,success
836,Gamma,notifications,alta,6.85,3.35,515,2,91.7,2.82,success
359,Delta,auth,media,12.58,2.93,25,0,79.9,2.36,success
139,Beta,payments,alta,6.47,2.93,415,0,72.7,2.94,success
300,Beta,search,media,5.46,4.08,212,1,86.8,5.12,success
1557,Gamma,api,media,3.43,3.13,53,1,80.1,7.71,success
1004,Beta,ui,alta,8.17,2.84,299,2,82.6,5.5,success
383,Delta,api,alta,7.53,4.62,245,0,,8.04,success
942,Gamma,ui,media,18.52,3.49,127,1,70.1,4.2,success
2269,Delta,notifications,alta,6.06,5.0,149,1,76.4,11.3,success
4855,Delta,api,alta,9.13,6.91,107,1,88.9,17.62,success
762,Gamma,api,media,7.82,1.98,247,1,97.3,7.43,success
1729,Gamma,ui,media,13.62,2.46,375,2,83.7,3.29,success
2881,Alpha,auth,alta,5.41,5.01,159,2,69.9,4.74,success
4273,Gamma,api,baja,20.39,3.39,135,0,89.5,7.21,success
2100,Gamma,payments,baja,7.58,4.6,63,0,63.6,8.4,success
2211,Delta,ui,critica,13.29,1.62,49,2,87.3,2.03,success
899,Gamma,api,media,5.94,4.54,273,1,78.8,8.98,success
4705,Alpha,payments,baja,12.46,3.96,37,0,85.5,5.94,success
2025,Gamma,payments,media,8.61,2.08,131,1,89.9,1.95,success
1403,Delta,ui,media,8.43,3.37,56,0,71.0,3.93,success
3460,Alpha,search,media,8.28,3.64,195,0,79.8,4.64,success
3801,Beta,api,critica,4.46,3.0,287,2,89.9,11.75,rolled_back
4395,Delta,auth,media,19.13,4.49,93,0,88.4,2.09,success
2969,Delta,search,critica,6.62,1.89,153,0,91.2,4.45,success
1513,Beta,api,alta,11.43,3.37,267,3,89.7,5.85,success
1189,Beta,search,baja,24.77,3.24,90,0,96.0,4.7,success
3003,Delta,auth,media,15.34,2.95,54,1,70.2,5.14,success
4233,Gamma,payments,media,4.56,3.9,59,1,88.5,12.29,success
3892,Gamma,ui,media,6.69,3.41,107,1,86.6,3.53,success
3451,Gamma,api,baja,21.28,2.41,39,0,79.1,2.06,success
109,Gamma,payments,alta,11.84,5.4,39,0,57.9,8.26,failed
2747,Gamma,ui,baja,8.87,3.05,103,0,87.4,3.06,success
2322,Alpha,payments,critica,10.31,5.67,315,3,84.6,4.54,success
1882,Gamma,auth,critica,16.15,3.45,26,1,78.9,4.38,success
59,Delta,search,baja,8.27,3.87,71,1,72.1,7.54,success
77,Delta,ui,media,16.05,1.65,33,1,85.7,41.21,success
797,Gamma,notifications,baja,9.2,2.62,169,0,85.0,9.8,success
369,Beta,payments,baja,3.93,3.48,92,0,88.3,4.79,success
4914,Beta,payments,baja,5.95,3.07,217,1,84.2,19.49,rolled_back
786,Delta,payments,media,3.42,3.61,128,0,77.6,9.13,success
2102,Beta,notifications,media,9.11,2.55,46,0,89.7,13.68,success
3189,Beta,ui,media,3.2,3.07,128,0,,5.98,success
3661,Beta,auth,media,7.26,3.52,155,0,83.2,5.99,success
2122,Alpha,ui,media,10.54,3.33,57,0,82.6,2.61,success
3847,Gamma,ui,media,5.37,2.9,143,1,78.7,4.28,success
2482,Gamma,api,alta,9.95,2.22,160,4,96.6,13.32,success
1727,Alpha,payments,media,6.37,4.02,72,1,85.5,7.97,success
122,Alpha,auth,media,16.04,3.8,133,1,73.4,7.61,success
2781,Gamma,search,media,10.97,3.32,32,1,,1.34,success
3162,Gamma,api,alta,4.54,3.13,196,2,64.4,11.31,success
3658,Beta,api,baja,4.34,4.05,98,0,61.4,12.53,success
911,Alpha,notifications,media,1.98,1.82,20,1,84.9,4.28,success
125,Delta,payments,alta,6.39,1.57,216,4,90.8,4.02,success
1974,Alpha,payments,media,2.92,4.09,56,0,84.1,7.18,success
1587,Beta,search,media,16.95,3.84,161,1,91.4,8.93,success
1258,Alpha,auth,baja,3.59,3.58,27,0,89.1,12.92,success
3455,Gamma,auth,media,9.4,4.16,80,0,80.1,9.02,success
3495,Gamma,search,critica,3.87,2.73,239,4,74.1,1.43,success
3397,Beta,api,alta,9.48,3.55,198,2,79.3,5.41,failed
1179,Gamma,auth,baja,6.51,3.0,66,0,66.1,4.0,success
2733,Delta,auth,alta,6.19,2.31,96,1,81.3,4.75,success
3484,Beta,notifications,baja,3.91,2.51,327,1,80.6,10.48,success
2349,Gamma,api,media,8.8,2.95,264,1,84.6,6.15,success
3814,Gamma,auth,baja,6.47,6.35,74,1,78.1,6.33,success
443,Alpha,search,media,8.28,2.49,137,0,77.7,6.53,success
2035,Alpha,search,media,7.43,3.87,82,1,76.3,9.7,success
4880,Gamma,api,media,9.48,6.43,280,1,90.5,8.64,success
926,Beta,notifications,critica,6.9,3.03,263,1,90.3,3.09,success
2894,Gamma,ui,alta,7.73,2.69,157,0,90.5,15.61,success
4293,Alpha,api,media,19.91,4.55,273,2,80.2,9.42,success
4779,Beta,auth,baja,3.64,5.88,99,0,86.9,30.32,success
1412,Alpha,search,media,4.62,2.16,103,1,90.1,5.73,success
3481,Delta,payments,alta,4.07,2.1,45,1,77.4,10.0,success
1774,Delta,search,baja,4.95,2.76,40,0,87.8,22.06,success
1510,Beta,ui,media,8.54,3.96,154,1,98.7,31.38,success
1228,Delta,auth,baja,10.84,5.41,99,1,82.6,16.64,success
3616,Beta,ui,baja,4.14,8.35,129,2,88.0,9.74,success
2758,Beta,api,media,8.8,3.56,62,0,85.9,20.33,success
3527,Alpha,search,alta,7.49,1.89,81,0,,0.88,success
3516,Beta,api,baja,6.3,6.0,36,0,94.2,6.4,success
4017,Delta,api,baja,4.45,1.76,230,3,58.2,10.02,success
325,Gamma,notifications,baja,11.11,5.59,141,2,67.9,2.6,success
1869,Delta,api,media,10.5,1.75,92,1,68.5,10.07,success
4553,Delta,payments,alta,3.1,3.16,164,1,91.5,1.47,success
1927,Alpha,payments,media,9.44,4.76,179,1,90.4,2.25,success
3312,Alpha,auth,media,4.98,2.84,37,0,82.7,4.82,success
3049,Alpha,api,media,7.12,4.52,117,1,98.5,14.45,success
1499,Delta,search,baja,7.12,1.82,140,0,86.4,9.48,success
1503,Gamma,ui,alta,5.72,3.76,214,1,,3.14,success
1007,Alpha,search,critica,5.72,1.91,68,0,90.6,1.31,success
4733,Alpha,api,media,2.78,3.93,108,1,82.4,5.2,success
4767,Delta,api,alta,9.69,2.87,60,0,90.7,16.45,success
4213,Beta,notifications,alta,7.9,3.32,61,2,94.0,3.65,success
1468,Beta,notifications,alta,10.72,8.07,273,0,90.1,3.38,success
1226,Beta,api,baja,7.03,7.26,119,0,79.9,10.97,success
4550,Gamma,auth,baja,9.29,3.37,39,0,73.5,13.72,success
2281,Alpha,payments,media,5.9,5.01,113,2,72.7,12.49,success
4374,Beta,payments,media,4.71,6.08,73,0,108.0,3.55,success
1217,Beta,auth,baja,17.41,3.58,155,1,89.5,3.19,success
4782,Alpha,api,critica,12.15,1.46,115,0,86.2,7.87,success
4459,Beta,notifications,media,6.71,4.31,26,0,86.7,8.62,success
421,Gamma,search,baja,8.29,1.95,51,0,87.5,31.15,success
3436,Beta,auth,baja,4.34,1.71,118,0,79.9,,success
7,Alpha,notifications,Alta,13.06,5.59,192,1,92.5,8.73,success
933,Beta,notifications,critica,4.01,4.07,193,1,95.2,10.06,success
1692,Gamma,auth,media,9.41,2.86,86,0,93.3,7.9,success
440,Beta,ui,baja,28.87,3.5,322,1,75.0,8.77,rolled_back
1314,Gamma,search,media,9.21,2.12,111,0,86.5,8.63,success
679,Beta,notifications,CRITICA,3.45,,205,1,-6.2,0.51,success
4333,Alpha,ui,baja,3.47,1.74,33,0,85.8,16.95,success
4619,Alpha,auth,baja,9.65,4.74,132,0,93.6,7.06,success
1845,Delta,notifications,critica,8.71,1.95,188,2,,3.39,success
2427,Alpha,notifications,alta,4.61,4.95,102,1,80.3,5.76,success
4642,Alpha,api,media,6.86,3.5,127,1,89.8,2.55,success
2136,Beta,notifications,critica,14.78,2.83,29,1,79.6,15.87,success
2532,Beta,auth,media,7.88,3.78,31,0,84.7,7.26,success
2621,Gamma,auth,media,7.62,1.58,90,1,85.1,9.34,success
4053,Alpha,search,media,15.94,1.72,132,0,80.1,23.87,success
1919,Beta,notifications,critica,5.88,4.1,89,2,72.4,1.94,success
4253,Alpha,auth,media,9.0,2.28,262,0,101.3,17.27,success
4894,Delta,notifications,baja,4.79,5.55,80,2,70.1,9.49,success
2654,Delta,auth,alta,10.78,2.04,115,1,91.3,4.76,success
195,Beta,search,media,6.52,6.38,251,2,75.7,4.66,success
1475,Alpha,auth,media,4.79,5.89,253,1,65.4,8.84,success
2155,Gamma,ui,alta,6.57,3.49,245,1,68.2,1.21,success
1212,Beta,payments,media,7.28,2.52,143,2,65.9,5.71,success
2452,Delta,ui,baja,5.22,2.62,35,0,76.9,25.74,success
1658,Beta,api,alta,9.42,3.14,105,3,59.2,9.31,success
3888,Alpha,api,media,12.02,2.08,116,0,,5.11,success
3033,Beta,search,baja,6.55,2.24,186,0,92.7,13.94,success
2719,Alpha,auth,media,10.4,2.55,92,0,85.2,4.26,success
2233,Gamma,search,alta,5.78,1.49,124,0,77.6,8.23,success
1871,Alpha,auth,media,5.68,3.74,84,0,74.6,11.7,success
1878,Delta,search,media,16.52,5.08,11,0,94.5,6.4,success
1131,Alpha,ui,baja,5.67,4.48,36,0,82.2,21.55,success
1462,Delta,auth,media,4.49,2.38,152,1,83.6,4.83,success
277,Beta,notifications,media,5.25,2.05,106,0,90.8,8.64,success
3704,Beta,ui,baja,5.98,2.01,94,0,,7.27,success
2345,Beta,api,baja,4.56,5.15,96,0,83.0,8.09,success
2310,Gamma,ui,baja,7.16,2.78,126,0,81.4,5.57,success
1303,Gamma,api,media,3.83,4.3,200,0,86.8,4.16,success
4513,Gamma,ui,baja,4.39,4.41,249,0,90.6,9.55,success
223,Beta,payments,media,6.46,2.16,368,0,87.3,2.83,success
4649,Gamma,api,media,9.42,1.75,47,0,85.3,5.31,success
3270,Beta,api,media,12.23,10.47,22,0,97.7,3.55,success
574,Alpha,payments,alta,9.12,3.8,109,2,83.2,7.41,success
1237,Delta,payments,alta,2.24,3.15,76,4,81.8,0.6,success
3559,Delta,notifications,media,15.91,3.57,130,2,86.7,1.9,success
2147,Beta,auth,baja,9.77,2.84,92,0,90.0,8.42,success
1335,Gamma,notifications,alta,12.21,2.43,92,1,92.8,14.24,success
2471,Alpha,payments,media,5.34,3.32,220,3,95.3,4.78,success
419,Gamma,ui,media,5.14,1.55,6,1,91.4,9.28,success
268,Alpha,search,baja,5.76,2.32,116,1,86.6,2.42,success
1105,Delta,api,media,10.65,2.36,239,1,78.0,7.81,success
258,Beta,search,media,10.36,2.6,27,1,68.2,10.37,success
296,Alpha,ui,critica,3.37,4.22,184,2,77.4,1.39,success
2375,Beta,payments,media,9.59,5.1,84,0,96.3,,success
387,Gamma,api,baja,3.71,4.88,26,0,73.8,9.01,success
3322,Alpha,auth,baja,3.49,2.82,117,0,86.5,7.1,success
3104,Alpha,ui,baja,6.44,5.84,52,1,,14.37,rolled_back
2245,Alpha,notifications,alta,9.67,3.53,189,3,64.2,4.22,failed
4949,Alpha,payments,alta,4.87,3.06,88,1,86.2,0.91,success
4344,Delta,ui,baja,9.23,3.8,189,1,76.2,8.4,success
3530,Alpha,notifications,alta,8.01,2.77,154,0,89.6,2.39,success
3012,Delta,payments,media,4.77,3.4,215,1,82.6,4.57,success
4393,Alpha,search,media,5.39,1.85,88,0,97.1,2.95,success
1564,Alpha,notifications,baja,9.74,4.16,297,1,83.9,6.24,success
4243,Beta,api,baja,3.62,3.08,105,0,85.5,12.69,success
1401,Delta,ui,media,6.65,2.88,242,0,85.8,9.97,success
713,Alpha,notifications,baja,10.4,2.76,36,0,95.0,28.27,success
4821,Alpha,payments,critica,5.36,2.5,450,2,78.3,1.25,success
2544,Delta,ui,baja,9.54,5.17,69,0,81.4,15.32,failed
210,Alpha,ui,media,4.8,2.24,162,1,95.6,6.69,success
3959,Alpha,ui,critica,4.18,1.42,229,0,78.9,4.6,success
1290,Beta,auth,alta,4.6,4.39,275,3,80.2,1.79,success
4759,Alpha,ui,critica,13.39,4.11,162,1,92.0,0.81,success
450,Gamma,payments,media,9.89,4.41,156,2,85.7,2.76,success
4101,Alpha,auth,alta,10.85,3.31,49,1,74.0,21.18,success
3480,Gamma,payments,media,10.07,2.74,216,1,90.7,25.5,success
1821,Alpha,api,media,3.2,3.06,82,1,85.1,9.19,success
959,Gamma,payments,baja,6.66,4.93,158,0,81.1,5.47,success
1794,Alpha,auth,baja,3.12,2.93,245,1,90.9,17.8,success
4927,Alpha,auth,alta,10.64,2.94,173,2,86.1,5.45,success
655,Alpha,auth,alta,5.21,3.02,265,2,94.7,2.43,success
2421,Delta,api,alta,6.98,,67,2,86.3,3.17,success
3868,Beta,auth,baja,16.11,5.63,91,1,88.8,3.44,success
2022,Alpha,notifications,baja,10.58,1.49,189,0,93.1,3.16,success
1761,Beta,search,alta,4.02,4.2,32,0,90.9,14.03,success
2368,Beta,payments,alta,5.17,3.44,121,0,93.3,5.42,success
2755,Delta,payments,media,9.67,6.33,282,0,87.2,9.41,success
2222,Delta,ui,media,16.91,2.56,70,1,94.5,9.23,success
412,Gamma,search,baja,17.93,1.24,12,0,92.1,14.99,success
1775,Gamma,search,critica,8.41,1.99,105,4,66.7,2.12,success
1913,Beta,auth,alta,4.5,2.91,222,1,68.6,1.74,success
2868,Beta,api,alta,5.71,6.42,256,1,92.5,,success
3705,Gamma,search,alta,24.14,2.3,51,0,88.8,2.89,success
3106,Alpha,api,media,8.42,2.18,307,1,92.0,4.82,success
4320,Alpha,payments,media,3.79,2.35,141,1,86.0,2.5,success
4783,Beta,api,media,2.65,4.29,35,0,64.9,3.19,success
3718,Beta,search,media,3.88,2.12,178,2,83.7,2.73,success
4362,Delta,ui,baja,14.11,2.88,90,0,83.0,25.94,success
3908,Alpha,notifications,media,7.02,1.54,54,0,84.5,3.39,success
4075,Beta,notifications,baja,10.43,2.43,38,0,96.1,10.44,success
4149,Alpha,ui,media,8.4,4.15,317,2,92.7,5.76,success
3381,Alpha,auth,media,15.55,,45,0,78.8,3.65,success
3474,Beta,auth,baja,9.9,1.51,172,0,89.4,18.25,success
4455,Delta,search,media,4.05,3.0,38,1,,2.65,success
431,Gamma,payments,alta,18.82,5.71,154,1,92.9,3.0,success
3287,Alpha,payments,critica,9.04,4.12,101,1,95.4,0.86,success
2053,Delta,api,alta,9.05,6.67,257,1,81.0,9.31,success
1367,Alpha,auth,media,11.6,2.46,165,1,79.2,4.42,success
2019,Beta,payments,baja,7.46,4.05,140,0,88.8,7.85,success
4467,Alpha,ui,baja,3.67,4.89,252,1,87.2,10.3,success
1177,Gamma,ui,media,8.41,4.84,204,2,74.2,11.85,success
4309,Alpha,payments,alta,2.72,4.74,139,2,68.8,5.5,success
1477,Alpha,notifications,baja,5.23,5.34,59,0,89.9,44.06,success
3166,Gamma,api,media,9.84,4.03,93,2,83.0,11.73,success
2060,Beta,ui,media,2.56,5.03,87,1,71.3,,success
103,Delta,search,alta,11.75,2.12,124,0,90.2,3.47,success
3898,Beta,auth,baja,13.68,3.7,298,2,67.7,10.43,success
2026,Beta,payments,critica,9.09,6.76,232,3,66.7,3.09,success
1264,Delta,payments,media,4.37,2.96,173,1,92.0,12.67,success
2895,Alpha,search,media,3.46,2.36,47,0,76.7,6.68,success
3152,Alpha,auth,baja,4.49,2.61,27,0,97.8,6.67,success
2385,Alpha,auth,baja,11.59,2.52,164,1,88.3,7.34,success
3075,Beta,payments,critica,13.26,1.84,84,0,71.8,7.23,success
3423,Alpha,notifications,alta,2.36,4.06,215,3,89.0,15.04,failed
3313,Alpha,notifications,alta,7.0,4.12,51,0,88.7,8.49,success
3185,Alpha,search,media,4.63,4.35,33,0,85.8,22.38,success
2987,Beta,api,media,5.34,3.47,65,0,91.8,3.88,success
1644,Alpha,api,media,4.16,3.22,40,0,80.4,4.74,success
4514,Beta,auth,media,7.64,3.92,116,0,86.5,15.45,success
1,Delta,search,baja,3.37,4.02,188,1,90.7,11.2,failed
1581,Alpha,search,alta,7.37,2.69,104,1,71.1,6.56,success
4431,Alpha,notifications,media,7.65,2.58,120,0,81.3,3.51,success
4317,Delta,notifications,baja,4.47,2.87,175,1,85.1,6.06,success
1357,Beta,notifications,critica,9.08,3.0,43,2,86.1,15.22,success
3405,Gamma,api,baja,7.3,3.15,27,0,83.7,10.55,success
2096,Alpha,api,critica,8.8,4.06,74,3,74.5,2.12,success
2568,Gamma,auth,critica,6.0,2.37,485,2,89.1,1.83,success
4858,Beta,auth,alta,5.86,4.5,192,0,83.4,3.45,success
2232,Alpha,search,critica,9.25,1.92,257,2,95.8,1.26,success
397,Beta,notifications,baja,5.41,4.73,130,1,91.3,13.57,success
4840,Alpha,ui,alta,5.65,3.59,114,0,83.5,7.41,success
1065,Gamma,api,baja,8.94,1.99,103,0,70.0,9.16,success
2374,Alpha,auth,media,10.18,3.15,310,1,81.9,7.5,success
3066,Gamma,api,baja,7.74,,179,2,91.8,16.47,success
819,Delta,auth,baja,6.82,8.25,20,1,64.0,6.01,success
1813,Delta,auth,media,10.94,3.5,94,0,89.6,7.89,success
4729,Gamma,api,baja,5.03,3.96,86,0,83.1,6.08,success
1553,Alpha,auth,media,7.4,7.37,319,4,90.0,3.33,success
3134,Beta,payments,alta,10.36,3.1,48,1,87.9,21.56,success
817,Beta,notifications,critica,9.66,3.2,131,2,85.3,3.14,success
1573,Alpha,auth,baja,9.32,2.07,63,1,86.3,7.77,success
2981,Alpha,api,media,5.27,4.7,15,0,84.3,4.97,success
1801,Delta,notifications,critica,4.66,3.83,144,2,66.3,1.83,failed
4296,Beta,search,alta,4.18,2.75,83,1,93.9,3.79,success
382,Delta,ui,baja,15.07,2.33,76,0,,5.26,success
2888,Alpha,payments,alta,8.49,2.91,234,1,88.1,3.09,success
3839,Beta,api,baja,12.12,2.61,107,0,81.9,12.17,success
2308,Alpha,api,baja,5.23,3.56,231,2,78.2,5.71,success
4271,Delta,search,alta,15.6,2.13,112,0,86.9,7.66,success
2553,Beta,auth,baja,6.15,4.96,24,0,88.8,4.05,success
1781,Gamma,api,media,11.77,6.25,120,0,92.8,3.33,success
4287,Alpha,api,critica,9.1,1.86,339,3,87.6,1.69,success
2451,Alpha,payments,critica,3.11,2.77,244,3,69.9,4.01,success
2347,Gamma,ui,baja,7.28,3.9,163,2,85.5,14.66,success
865,Alpha,api,media,3.45,6.42,58,1,87.9,6.55,success
3698,Beta,search,alta,12.21,3.22,81,0,91.7,4.07,success
4123,Alpha,api,media,13.35,3.06,204,1,89.8,2.3,success
555,Beta,notifications,media,7.66,4.93,181,2,81.8,6.29,success
1160,Beta,search,baja,10.41,3.39,67,0,90.4,9.12,success
1214,Gamma,ui,baja,9.95,2.7,80,0,81.1,8.66,success
2218,Alpha,api,baja,4.17,2.41,83,0,89.4,9.31,success
3614,Alpha,ui,baja,13.91,6.9,33,0,91.4,14.89,success
49,Beta,payments,baja,10.01,2.89,44,0,73.1,14.13,success
2381,Alpha,search,media,3.39,3.63,78,0,97.4,6.49,success
701,Gamma,ui,media,10.73,2.33,19,0,83.6,3.61,success
653,Delta,api,alta,7.8,3.5,345,3,83.1,2.21,failed
3170,Alpha,payments,baja,3.9,2.44,51,0,76.9,,success
4792,Alpha,auth,media,5.86,5.37,63,0,95.7,8.94,success
4430,Delta,api,media,6.25,,67,0,89.2,6.11,success
749,Delta,ui,baja,8.73,4.29,95,0,90.1,29.41,success
1456,Beta,ui,media,4.76,3.82,64,2,65.8,1.44,failed
4328,Delta,ui,media,5.13,5.57,59,2,84.5,,failed
2099,Alpha,ui,alta,4.51,2.91,76,1,86.6,1.42,success
2023,Alpha,notifications,media,10.77,1.96,208,3,73.4,7.47,success
867,Gamma,payments,media,3.88,3.3,43,0,81.8,11.76,success
753,Alpha,notifications,media,10.03,4.36,50,0,84.5,13.63,success
1645,Delta,search,media,12.31,3.95,29,1,80.4,5.17,success
93,Beta,search,media,14.21,2.41,105,1,93.2,14.37,success
2838,Delta,api,baja,6.59,1.57,27,0,89.4,6.8,success
3115,Alpha,ui,baja,5.39,5.52,347,2,83.9,6.72,success
2446,Beta,auth,baja,6.25,2.13,64,1,87.5,17.34,success
2643,Alpha,api,media,11.19,3.49,80,0,88.9,3.79,success
1491,Alpha,auth,alta,2.69,1.54,104,2,86.6,5.08,success
2909,Alpha,api,baja,5.39,5.93,218,0,89.8,12.3,success
2728,Alpha,api,baja,9.94,1.9,124,0,89.2,8.38,success
730,Beta,api,baja,11.23,3.35,53,2,83.3,6.43,success
4128,Gamma,api,alta,13.47,,18,3,86.4,1.98,success
2485,Gamma,auth,alta,3.78,2.87,141,2,98.8,5.4,success
3352,Beta,payments,media,10.0,1.91,144,1,85.4,4.94,success
1937,Alpha,payments,media,7.41,2.39,63,1,87.6,9.82,success
1746,Beta,api,media,8.95,2.41,259,2,85.1,7.53,success
2499,Alpha,api,baja,9.84,1.7,86,1,71.4,10.4,success
3292,Alpha,auth,alta,7.93,5.38,357,4,91.4,2.62,success
3506,Alpha,api,baja,7.12,3.94,101,0,75.0,10.7,success
1958,Beta,api,media,3.99,2.98,109,1,84.7,8.98,success
1111,Beta,ui,baja,19.26,4.13,80,0,91.2,8.85,success
3351,Gamma,ui,media,23.81,4.52,5,0,75.3,5.32,success
4048,Delta,auth,critica,6.81,2.95,136,0,90.9,3.97,success
4480,Beta,search,baja,5.77,3.45,163,0,82.3,14.71,success
4540,Alpha,payments,media,4.5,4.54,197,0,83.8,7.49,success
347,Beta,auth,baja,10.65,1.82,106,0,93.2,13.46,success
1186,Delta,ui,media,8.92,2.32,52,0,84.8,2.75,success
4105,Alpha,api,baja,5.29,2.88,159,0,88.3,17.28,success
1516,Alpha,auth,critica,8.36,7.75,593,3,90.1,10.06,rolled_back
4678,Alpha,ui,media,9.0,2.78,59,0,82.9,6.86,success
579,Alpha,payments,media,6.39,3.13,220,1,74.6,10.27,success
1965,Gamma,ui,critica,7.65,3.45,132,1,69.2,2.7,success
76,Beta,api,baja,8.24,3.76,118,0,90.4,10.13,success
1430,Gamma,payments,media,11.91,3.46,85,0,87.7,12.43,success
3606,Beta,ui,media,6.98,2.87,76,0,83.5,8.37,success
4439,Gamma,search,media,13.45,3.25,71,1,91.2,8.24,success
2765,Beta,search,alta,15.23,2.45,228,0,77.1,4.7,success
4961,Beta,ui,alta,8.38,3.07,155,0,96.2,2.45,success
1847,Beta,api,media,11.83,3.77,61,0,93.3,14.71,success
132,Alpha,notifications, media,7.8,2.44,93,1,93.9,4.35,success
179,Beta,payments,media,11.73,3.22,92,2,76.9,9.67,success
4418,Gamma,api,alta,10.77,3.24,177,2,89.6,4.56,success
4918,Beta,payments,media,3.65,3.87,85,0,68.0,7.85,success
2848,Alpha,auth,baja,10.0,1.41,55,0,65.4,2.66,success
2536,Alpha,ui,media,7.64,3.52,112,1,74.5,2.09,success
1843,Beta,payments,media,14.64,4.26,46,1,77.9,3.81,success
2112,Gamma,auth,alta,5.77,7.25,17,2,85.1,4.5,success
4254,Gamma,search,media,7.24,4.14,241,0,61.8,1.25,success
4508,Alpha,payments,baja,8.58,3.02,295,0,93.8,11.48,success
605,Gamma,search,media,21.8,3.76,61,1,81.8,5.98,success
2641,Beta,ui,alta,5.88,7.57,241,1,82.0,8.7,rolled_back
26,Beta,notifications,alta,11.99,1.99,106,1,92.4,11.3,success
659,Beta,api,media,3.44,5.58,102,0,85.5,12.45,success
1897,Alpha,ui,alta,10.64,4.12,159,1,85.2,7.62,success
4452,Gamma,search,alta,17.64,6.22,56,1,78.0,9.22,success
2198,Delta,api,alta,5.7,2.97,116,2,82.7,14.42,success
174,Alpha,auth,alta,15.56,4.43,95,0,85.5,14.28,success
1612,Alpha,ui,baja,5.94,4.53,86,1,81.6,45.12,success
438,Beta,api,media,7.5,2.91,135,0,87.9,17.61,success
332,Alpha,ui,media,7.75,4.05,155,2,92.6,3.54,success
3114,Beta,api,baja,10.07,,76,0,97.0,22.39,success
1455,Gamma,api, media,6.58,2.42,105,0,94.0,4.31,success
343,Beta,payments,media,6.8,3.81,185,2,87.4,6.13,success
3625,Alpha,payments,baja,5.97,4.01,200,1,83.6,5.78,success
2560,Gamma,search,media,7.89,3.87,57,1,94.4,6.38,success
1089,Alpha,api,alta,4.42,,208,0,85.2,8.68,success
480,Delta,payments,alta,6.3,5.18,219,1,87.5,18.04,success
728,Beta,auth,media,9.08,2.56,176,2,86.0,10.39,success
3883,Alpha,api,alta,6.72,3.46,178,0,87.6,4.84,success
977,Delta,api,baja,11.28,2.35,131,0,84.0,16.94,success
3889,Gamma,ui,baja,14.23,1.66,234,1,78.3,2.71,success
2991,Alpha,ui,media,20.03,3.0,251,1,,1.98,success
1929,Alpha,auth,baja,8.38,3.16,113,0,93.0,10.25,success
1469,Alpha,payments,media,6.37,5.31,31,0,91.7,15.25,success
1225,Gamma,ui,baja,11.83,2.49,96,0,84.4,4.01,success
2175,Beta,notifications,media,4.14,3.21,89,1,74.8,8.3,success
1953,Alpha,api,baja,5.69,2.23,108,1,92.9,11.87,success
4839,Beta,payments,media,5.66,3.43,218,2,81.9,2.72,rolled_back
3250,Beta,ui,Alta,6.72,3.48,114,1,92.1,3.05,success
1893,Beta,payments,alta,8.17,3.24,217,1,92.2,2.71,success
1300,Alpha,search,media,5.75,5.46,79,1,59.6,5.71,success
3320,Beta,payments,alta,4.66,3.83,97,0,91.7,3.85,success
4608,Alpha,auth,alta,11.32,4.15,370,3,73.5,1.3,success
661,Gamma,payments,baja,25.46,3.01,115,1,75.5,3.14,success
3985,Alpha,payments,media,8.5,2.52,226,1,81.7,4.09,success
2408,Beta,api,baja,4.73,4.1,60,1,79.1,6.69,success
4311,Beta,payments,media,11.39,2.22,303,2,63.6,10.27,success
2990,Gamma,api,alta,12.61,3.94,103,1,71.8,4.77,success
3081,Alpha,auth,alta,7.65,4.96,79,4,88.2,8.67,failed
3065,Alpha,ui,media,11.06,1.15,80,0,96.6,37.89,success
3027,Gamma,ui,baja,7.84,2.03,45,1,81.6,9.85,success
3611,Beta,api,baja,4.84,2.63,85,0,84.6,11.41,success
3205,Alpha,search,media,4.81,1.32,102,0,90.0,6.93,success
1279,Beta,auth,alta,4.52,5.59,222,1,82.2,2.95,success
4031,Beta,auth,media,7.75,3.52,207,0,96.7,3.93,success
1622,Delta,payments,media,9.24,4.3,178,1,82.7,3.12,success
3028,Delta,auth,baja,10.71,3.2,222,1,87.7,10.53,success
3067,Beta,api,baja,9.91,3.96,68,2,75.2,6.77,success
68,Beta,ui,media,17.67,2.63,325,2,91.1,9.65,success
4334,Beta,notifications,media,5.22,6.64,113,0,93.1,22.87,success
2630,Alpha,ui,media,11.51,4.44,198,0,80.8,19.02,success
3806,Alpha,notifications,alta,5.36,4.34,190,1,81.5,3.78,success
821,Beta,payments,alta,4.6,2.17,275,2,93.2,6.54,success
1227,Alpha,api,alta,8.78,5.79,47,0,83.2,13.3,success
3768,Gamma,auth,baja,27.39,2.57,104,0,96.8,16.21,success
2373,Beta,api,alta,4.28,2.51,208,1,90.5,2.37,success
3937,Alpha,search,alta,10.24,4.9,357,4,79.3,3.44,success
4853,Alpha,notifications,baja,10.3,2.83,75,0,92.8,5.08,success
4278,Beta,api,media,12.61,3.31,212,4,93.6,5.93,success
3363,Gamma,search,baja,7.19,5.35,61,0,91.4,13.71,success
1144,Beta,api,baja,5.96,4.88,96,0,71.6,8.6,success
398,Alpha,notifications,critica,17.54,1.5,312,3,92.3,0.87,success
4662,Alpha,ui,baja,6.74,4.18,126,0,81.9,11.18,rolled_back
4310,Gamma,ui,alta,11.32,3.86,265,0,96.6,4.39,success
4807,Alpha,api,media,4.77,5.6,57,1,90.6,2.86,success
1399,Beta,ui,media,6.12,2.1,64,1,96.3,25.05,success
1660,Gamma,api,baja,7.62,2.76,428,4,84.8,14.38,success
980,Beta,auth,critica,3.81,3.06,133,0,63.3,4.47,success
1299,Beta,notifications,media,15.76,6.72,166,1,87.1,7.87,success
2277,Gamma,ui,critica,7.18,3.64,83,0,88.1,2.57,success
83,Gamma,notifications,baja,11.82,3.29,124,1,75.8,15.97,success
4355,Beta,auth,baja,7.75,2.68,56,0,93.1,23.85,success
2472,Gamma,payments,media,8.8,4.47,397,0,87.8,6.08,success
3755,Alpha,auth,media,4.29,3.27,7,0,76.4,8.73,success
3797,Alpha,ui,baja,8.01,3.19,20,0,,6.7,success
3246,Delta,auth,baja,9.6,4.62,22,0,95.3,19.64,success
424,Gamma,ui,media,9.15,2.86,133,2,63.2,12.61,failed
4348,Alpha,auth,baja,3.75,1.68,214,2,85.1,13.43,failed
1905,Beta,search,media,9.27,3.55,134,3,,3.86,success
4547,Beta,search,baja,4.2,7.61,134,0,93.3,8.59,success
3366,Delta,auth,media,12.36,4.59,72,0,91.0,4.63,success
4675,Alpha,auth,alta,4.98,3.98,174,0,83.3,5.32,success
1566,Delta,api,alta,3.84,4.76,89,0,86.8,2.76,success
4117,Alpha,auth,baja,8.51,2.75,9,1,79.6,4.76,success
840,Delta,ui,baja,7.06,3.42,163,2,85.2,1.01,success
501,Alpha,ui,alta,2.88,2.32,119,1,88.1,17.54,success
142,Alpha,payments,alta,15.48,3.61,116,1,82.8,4.53,success
1378,Beta,payments,baja,3.01,3.37,102,0,93.8,6.43,success
3713,Alpha,api,media,11.28,2.26,309,2,91.6,16.19,success
2158,Alpha,api,baja,8.67,1.93,178,0,90.3,3.96,success
1139,Beta,ui,baja,10.78,1.68,168,0,88.5,16.41,success
3933,Beta,auth,baja,7.09,3.55,89,0,92.2,21.18,success
1788,Delta,ui,media,5.43,4.56,252,1,86.7,12.08,success
3173,Beta,payments,baja,2.52,4.82,258,1,88.0,3.38,success
551,Gamma,api,critica,6.17,2.81,76,0,88.9,2.99,success
3113,Delta,ui,baja,5.05,3.53,46,0,79.6,8.91,success
2020,Delta,api,baja,4.25,5.36,244,0,82.9,8.1,failed
949,Gamma,payments,baja,11.34,3.98,39,0,92.3,10.38,success
4863,Alpha,search,baja,15.5,3.19,50,0,71.6,8.64,success
533,Beta,api,critica,5.97,3.36,188,2,89.0,1.66,success
1830,Alpha,auth,baja,7.22,2.03,118,5,57.9,17.3,success
3726,Beta,api,media,4.46,2.44,116,1,72.6,5.49,rolled_back
4545,Beta,search,media,5.71,4.01,46,0,90.6,1.87,success
3887,Alpha,auth,baja,6.76,2.0,110,1,68.7,8.0,success
1603,Delta,payments,media,10.77,2.04,100,2,70.6,31.0,success
640,Alpha,payments,critica,8.56,2.27,67,2,80.4,2.94,success
4841,Alpha,ui,baja,5.17,7.77,88,0,71.4,3.05,success
968,Gamma,api,media,14.42,3.51,103,1,88.6,10.53,success
4246,Beta,payments,media,11.32,3.46,49,0,82.2,38.66,success
2639,Gamma,notifications,baja,5.66,5.25,113,0,88.1,21.95,success
1684,Gamma,auth,media,8.68,2.74,189,1,85.4,4.92,success
4479,Alpha,ui,baja,5.95,5.78,109,1,86.6,2.64,success
2599,Gamma,api,media,16.67,2.68,148,0,77.5,7.3,success
156,Alpha,ui,baja,15.18,3.58,56,0,89.2,9.65,success
3365,Alpha,notifications,critica,2.56,3.28,388,3,80.6,8.44,success
2852,Beta,ui,critica,32.64,2.96,473,3,65.6,8.07,success
1090,Delta,ui,media,10.12,4.58,123,1,75.4,7.33,success
2820,Gamma,payments,alta,6.29,6.16,160,0,91.2,,success
4249,Gamma,api,media,6.8,2.41,65,2,88.1,8.06,success
289,Beta,ui,critica,16.61,1.7,142,1,91.7,16.61,success
931,Alpha,notifications,baja,6.1,1.69,101,1,74.1,4.82,success
3317,Alpha,payments,baja,14.09,3.57,150,0,81.4,7.67,success
2276,Beta,api,media,11.59,4.31,108,1,87.3,9.89,failed
3385,Gamma,ui,alta,17.57,2.37,32,0,91.8,6.49,success
4145,Gamma,auth,media,4.14,3.57,114,0,78.6,4.82,success
4856,Delta,search,media,7.94,3.63,21,1,68.8,5.16,success
943,Gamma,ui,critica,11.0,2.32,23,1,96.7,6.46,success
3972,Alpha,payments,alta,4.94,4.01,522,6,59.5,2.73,failed
4671,Gamma,auth,baja,18.58,3.06,199,1,83.0,16.85,success
1699,Alpha,ui,baja,7.23,,234,2,75.4,11.44,success
4717,Gamma,payments,baja,4.56,2.49,96,1,88.5,9.21,failed
3849,Beta,api,critica,14.64,3.19,369,0,85.9,3.25,success
2520,Gamma,ui,alta,7.87,2.93,192,1,87.8,4.83,success
4226,Alpha,api,baja,3.52,3.09,100,0,94.6,13.36,success
986,Delta,payments,alta,5.37,1.39,240,1,81.6,10.99,success
4436,Alpha,ui,media,6.37,2.08,169,2,84.6,13.14,success
2202,Gamma,api,media,4.8,6.11,38,1,76.3,5.56,success
4871,Gamma,auth,media,9.6,4.45,272,1,88.1,35.51,success
4786,Alpha,notifications,media,3.89,3.64,70,0,80.0,7.82,success
982,Gamma,ui,media,16.3,4.12,146,0,90.3,5.01,success
2506,Alpha,api,media,9.17,4.77,11,1,85.7,4.78,success
4136,Alpha,notifications,baja,6.51,2.85,120,1,90.9,8.69,success
3174,Gamma,api,media,9.56,1.94,117,2,92.5,3.52,success
2956,Gamma,payments,alta,4.2,3.5,350,3,91.4,3.24,success
3542,Beta,auth,media,12.31,3.98,48,1,83.3,4.27,success
3861,Delta,payments,media,6.31,2.43,139,1,76.0,5.17,success
1458,Gamma,notifications,baja,11.33,5.33,172,1,95.0,43.27,success
1396,Delta,ui,media,7.91,2.01,38,1,87.6,7.91,success
265,Beta,auth,media,8.58,2.75,317,3,76.5,0.62,success
2410,Alpha,auth,media,6.93,3.7,294,3,,3.43,success
930,Alpha,payments,media,5.22,3.44,147,1,85.7,8.3,success
4952,Alpha,api,alta,4.07,2.49,125,2,81.0,5.79,failed
2706,Beta,payments,alta,4.85,5.26,247,3,92.5,6.78,success
247,Beta,ui,alta,11.92,4.25,38,1,85.5,8.08,success
3605,Beta,api,alta,13.46,1.64,11,0,86.6,6.73,success
1759,Beta,api,media,5.07,2.79,98,1,91.7,31.22,success
4874,Beta,ui,media,8.19,7.0,165,1,93.9,15.44,success
2824,Gamma,api,media,10.19,3.02,100,0,85.9,10.56,success
924,Beta,api,media,3.98,2.85,143,0,97.0,2.07,success
3526,Alpha,auth,media,4.03,2.18,145,1,96.6,17.64,success
269,Gamma,notifications,media,7.42,7.19,121,0,62.1,6.11,success
670,Delta,api,baja,10.61,2.1,72,1,87.1,2.19,success
2749,Gamma,api,alta,5.49,2.54,171,2,78.9,2.56,success
1911,Gamma,api,alta,12.1,3.48,104,1,92.2,13.57,success
2999,Beta,ui,critica,5.92,6.78,93,0,96.4,3.06,success
1153,Alpha,ui,media,15.62,4.21,68,0,96.4,4.87,success
4826,Alpha,ui,media,5.12,3.94,42,0,85.1,2.1,success
3687,Alpha,api,baja,10.95,3.47,83,1,89.5,16.99,success
4633,Alpha,ui,media,9.85,3.28,78,1,87.1,4.79,success
3893,Gamma,ui,alta,21.7,4.94,446,4,94.3,12.83,failed
2537,Beta,ui,media,8.53,9.37,160,0,97.4,4.57,success
2996,Beta,api,alta,11.09,2.93,51,1,83.9,3.86,success
1916,Beta,payments,baja,9.94,3.95,95,0,88.9,22.43,success
613,Delta,ui,media,12.77,3.73,155,0,80.2,8.03,success
3717,Alpha,notifications,baja,5.42,2.61,280,1,81.3,4.38,success
3545,Beta,ui,alta,7.12,3.54,172,0,90.0,7.55,success
1899,Delta,auth,media,8.75,2.51,154,2,93.2,11.07,success
1650,Beta,search,media,10.79,5.37,417,3,91.5,20.84,success
2466,Alpha,auth,critica,4.08,3.18,65,1,85.2,12.09,success
259,Alpha,search,media,8.67,1.19,145,0,88.9,6.23,success
848,Alpha,auth,alta,6.57,4.08,66,0,87.9,6.87,success
4260,Beta,search,media,7.68,2.8,194,0,93.1,2.59,success
1234,Beta,payments,media,12.54,3.1,144,0,91.9,3.4,success
1128,Delta,auth,baja,6.52,2.51,30,0,93.0,21.91,success
1968,Gamma,auth,media,9.8,4.55,76,3,77.4,5.16,success
559,Alpha,api,alta,2.92,1.26,96,2,,2.9,success
3921,Gamma,payments,media,5.67,1.39,180,0,88.2,3.89,success
485,Gamma,search,baja,10.75,2.12,41,0,,3.87,success
1321,Beta,notifications,alta,6.07,3.15,58,0,90.9,7.39,success
2367,Gamma,api,baja,6.95,3.08,175,0,86.8,6.1,success
8,Delta,api,media,8.31,4.32,8,0,93.0,8.84,success
3293,Delta,api,baja,8.76,2.99,33,0,77.8,5.57,success
4975,Delta,payments,baja,5.3,4.45,171,0,75.2,7.77,success
1451,Delta,payments,baja,4.11,7.52,34,0,82.4,11.95,success
3996,Beta,api,media,14.73,4.03,129,0,76.8,14.36,success
1815,Alpha,ui,media,6.78,3.89,89,1,93.0,3.35,success
774,Gamma,search,media,4.24,6.61,85,0,88.1,5.67,success
1012,Alpha,notifications,alta,7.58,2.46,222,0,77.0,5.05,success
4447,Beta,payments,media,12.04,2.33,29,0,80.4,17.01,success
3015,Alpha,auth,critica,20.79,2.07,50,3,80.3,1.85,success
1992,Delta,notifications,alta,10.73,3.93,55,0,90.8,1.73,success
1278,Alpha,auth,media,10.99,2.07,118,0,92.2,3.33,success
1784,Beta,ui,alta,13.81,,41,0,93.5,6.9,success
3586,Beta,search,media,9.06,3.5,136,1,80.8,2.84,success
447,Beta,ui,baja,7.89,1.89,131,0,71.4,10.36,success
881,Alpha,ui,critica,9.43,3.51,246,1,73.7,8.14,success
4468,Gamma,ui,media,5.2,3.02,97,1,96.1,11.21,success
782,Alpha,auth,critica,9.22,6.0,79,2,84.1,3.8,success
1750,Gamma,search,alta,11.52,7.45,63,0,91.0,9.15,success
3709,Delta,payments,media,15.49,3.61,195,2,97.3,9.56,success
4890,Alpha,auth,baja,19.93,4.45,56,0,86.4,14.66,success
884,Alpha,ui,alta,5.08,2.48,81,0,90.0,1.28,success
2389,Gamma,auth,media,11.04,1.8,399,1,64.0,6.26,success
1092,Alpha,notifications,media,6.61,1.71,46,0,84.2,7.26,success
2952,Delta,auth,media,4.67,4.22,72,0,92.1,14.06,success
532,Alpha,api,baja,5.09,3.51,263,0,95.3,4.63,success
4038,Beta,ui,media,11.34,2.47,105,0,87.7,3.04,success
3338,Delta,auth,media,8.56,4.5,227,4,71.8,5.61,failed
4106,Delta,search,baja,10.65,4.49,75,0,95.4,23.59,success
1728,Delta,ui,critica,10.88,5.29,58,0,74.5,2.58,success
611,Gamma,api,media,12.11,5.45,122,2,97.3,6.8,success
571,Alpha,ui,alta,7.43,5.48,51,0,96.2,2.69,success
2946,Beta,auth,alta,10.64,2.6,65,0,95.5,11.1,success
3258,Gamma,auth,baja,11.52,1.76,100,2,89.5,5.14,success
344,Delta,payments,critica,8.7,3.01,99,2,69.8,10.51,success
3014,Beta,ui,baja,4.34,2.56,5,0,85.9,12.0,success
3756,Beta,notifications,media,7.29,2.3,217,1,90.3,2.93,success
435,Alpha,search,alta,15.02,2.47,243,2,91.8,2.52,success
1904,Gamma,ui,media,7.29,4.14,151,1,79.3,8.81,success
3820,Beta,payments,baja,2.99,8.28,237,1,91.7,10.71,success
2400,Delta,api,alta,4.37,4.75,57,1,75.8,,success
2070,Alpha,auth,media,5.76,2.41,139,2,79.5,5.04,success
1538,Alpha,payments,media,7.42,2.73,42,0,78.6,3.39,success
3594,Gamma,search,critica,15.78,2.36,318,1,,2.54,success
2896,Gamma,api,alta,8.55,2.97,90,1,82.5,5.04,success
1518,Alpha,api,media,5.84,1.78,96,2,87.6,20.15,success
966,Beta,auth,media,3.88,2.9,23,0,89.2,7.06,success
4415,Delta,notifications,critica,14.96,2.57,359,3,88.0,9.46,success
529,Delta,payments,alta,6.74,3.64,181,1,93.2,6.19,success
177,Alpha,payments,media,12.65,4.2,215,0,90.5,10.24,success
3497,Beta,api,alta,3.68,6.65,69,1,91.2,5.86,success
4285,Alpha,api,baja,16.64,3.92,34,0,91.7,6.29,success
4306,Alpha,search,critica,5.98,6.77,76,1,84.9,3.32,success
573,Alpha,ui,media,5.02,3.0,285,0,91.4,9.73,success
2313,Alpha,payments,media,7.23,4.0,55,1,77.8,3.88,success
4487,Alpha,payments,media,7.37,2.53,311,0,96.2,10.41,success
2808,Gamma,ui,baja,7.32,3.95,56,0,68.9,4.73,success
3472,Gamma,search,baja,12.72,2.92,45,1,87.9,5.52,success
4263,Beta,ui,alta,3.46,3.37,95,4,83.3,5.86,success
2209,Alpha,search,baja,6.03,4.53,114,0,83.4,2.87,success
2860,Gamma,payments,media,19.51,3.87,269,0,86.6,4.28,success
3310,Gamma,notifications,media,28.07,3.89,179,2,84.3,6.38,success
384,Delta,search,baja,6.88,4.62,37,0,74.2,11.61,failed
853,Delta,search,media,7.47,1.82,67,0,92.9,7.94,success
1881,Beta,search,media,13.15,2.67,319,0,85.8,19.84,success
371,Alpha,payments,media,3.71,3.65,198,4,85.8,7.16,success
4997,Gamma,payments,baja,14.96,2.97,137,1,93.4,4.03,success
4332,Alpha,api,media,6.37,4.36,98,0,79.5,15.11,success
1106,Alpha,payments,alta,9.21,2.78,216,0,85.1,3.95,success
2585,Delta,ui,baja,13.69,2.02,108,0,97.5,2.61,success
3962,Beta,ui,critica,6.92,3.73,54,1,77.1,6.15,success
1337,Beta,ui,alta,8.04,3.12,266,2,75.7,5.56,success
2190,Gamma,payments,media,5.76,2.01,94,0,88.2,7.15,success
4603,Gamma,search,alta,5.26,7.62,506,2,86.6,7.21,success
4036,Alpha,search,alta,5.51,4.77,6,0,77.4,5.5,success
3341,Delta,ui,media,3.2,2.17,251,1,76.7,7.87,success
2944,Gamma,payments,baja,4.31,6.27,59,1,89.2,5.93,success
4857,Gamma,api,media,12.5,3.37,256,0,92.2,4.02,success
1172,Alpha,api,alta,7.57,3.53,44,0,73.2,2.71,success
2882,Beta,auth,alta,9.21,3.01,132,1,96.0,20.47,success
2708,Alpha,api,media,10.41,4.39,120,0,85.9,6.7,success
1423,Delta,ui,alta,5.11,3.21,230,1,86.3,7.39,success
2355,Beta,ui,media,18.68,3.48,322,2,95.4,7.85,success
2665,Beta,auth,media,3.13,3.24,107,1,66.6,3.02,success
4163,Alpha,notifications,media,10.27,3.28,168,2,66.7,3.91,success
1465,Delta,api,media,14.51,2.3,487,1,87.2,5.69,success
875,Beta,payments,media,15.02,2.23,149,1,75.4,2.62,success
2338,Alpha,ui,media,3.18,1.5,57,1,75.9,5.94,success
4349,Beta,api,alta,3.63,2.8,186,0,97.8,7.87,success
1252,Gamma,api,media,5.19,,70,1,76.7,2.42,success
2362,Gamma,notifications,baja,12.88,3.79,28,0,83.6,17.56,success
841,Gamma,notifications,alta,8.25,2.76,233,3,83.3,9.98,failed
3083,Beta,api,media,5.42,3.2,194,2,85.2,4.63,success
582,Alpha,api,media,11.65,4.2,33,0,95.4,10.46,success
205,Delta,ui,media,4.77,1.55,272,1,84.8,7.2,success
1642,Gamma,search,baja,7.13,3.13,68,1,93.7,6.6,success
2015,Beta,auth,baja,7.04,3.42,16,0,71.7,9.61,success
906,Beta,payments,alta,5.9,3.37,407,2,90.1,4.57,success
632,Beta,ui,baja,11.36,2.61,98,0,81.7,14.89,success
3107,Gamma,auth,media,4.47,2.68,186,3,66.0,3.55,success
1975,Gamma,auth,baja,5.77,1.46,83,0,77.8,8.51,success
163,Alpha,api,critica,9.4,2.29,331,3,94.8,3.89,success
3186,Gamma,notifications,alta,5.99,4.14,134,0,83.0,,rolled_back
2878,Delta,search,baja,7.19,1.7,136,1,91.3,,success
4504,Beta,search,baja,9.17,2.25,69,1,85.5,8.06,failed
618,Alpha,auth,critica,6.05,1.58,52,0,90.3,1.53,success
4084,Beta,payments,alta,6.56,3.94,160,0,90.9,9.51,success
1432,Alpha,search,alta,7.59,3.81,129,1,87.5,5.27,success
548,Beta,ui,critica,6.66,3.57,47,0,81.9,1.67,success
3348,Beta,payments,baja,5.16,5.55,165,0,91.8,5.33,success
4555,Gamma,search,alta,14.16,9.82,104,1,87.4,7.81,success
4231,Delta,ui,media,7.94,3.44,119,1,81.6,8.72,success
3500,Beta,ui,baja,4.83,2.36,160,0,86.7,10.18,success
2679,Alpha,api,media,6.82,2.31,248,0,93.5,10.93,success
3986,Beta,notifications,critica,3.83,2.7,349,0,88.4,2.5,success
4081,Delta,ui,media,5.24,5.36,155,1,69.6,5.42,success
1862,Alpha,notifications,media,13.27,2.97,90,0,87.8,8.42,success
641,Alpha,payments,baja,4.12,1.93,26,0,89.7,6.48,success
3001,Gamma,auth,critica,18.71,,176,4,87.0,4.1,success
638,Beta,notifications,critica,9.58,2.47,30,0,81.8,3.25,success
4127,Alpha,auth,critica,5.11,7.81,265,2,96.1,1.42,success
4417,Gamma,search,media,6.58,3.84,133,1,90.8,3.95,success
4847,Beta,ui,media,3.94,3.6,72,1,81.1,2.34,success
2097,Beta,search,media,23.7,4.91,59,0,87.8,8.65,success
2493,Beta,api,baja,6.6,3.26,14,0,82.2,14.26,success
3872,Gamma,notifications,media,10.45,5.0,77,0,74.1,10.87,success
3690,Alpha,api,media,8.66,6.33,47,1,71.0,10.98,success
4356,Beta,api,alta,5.97,4.02,67,0,90.9,2.08,success
922,Gamma,payments,critica,4.5,1.68,93,1,90.6,2.54,success
547,Delta,search,critica,13.7,1.86,152,2,84.2,4.61,success
3682,Beta,ui,media,6.04,2.84,75,0,94.8,10.92,success
1901,Gamma,auth,baja,5.52,3.82,109,0,,9.4,success
2029,Alpha,search,media,4.55,4.1,116,0,83.3,,success
2302,Alpha,api,alta,14.08,4.35,341,2,81.2,12.71,success
1886,Gamma,api,alta,7.34,3.92,93,1,68.5,15.16,success
1643,Alpha,ui,media,4.09,5.71,102,0,81.6,22.52,success
3524,Gamma,api,baja,5.69,2.75,179,0,80.6,14.09,success
4818,Delta,search,alta,7.53,3.41,129,3,76.9,19.94,success
2098,Beta,auth,media,7.25,2.38,63,0,90.1,9.27,success
4366,Gamma,payments,media,8.37,2.28,130,3,84.3,11.84,success
3915,Alpha,notifications,media,2.99,3.3,66,0,85.1,16.02,success
4503,Beta,notifications,media,5.98,5.16,68,1,89.5,8.89,success
4976,Beta,payments,baja,5.59,2.64,78,1,86.4,7.23,rolled_back
837,Delta,api,media,5.01,3.95,118,1,72.9,8.37,success
602,Alpha,search,alta,2.99,2.94,330,1,86.2,4.26,success
2185,Alpha,ui,media,8.38,3.62,92,2,90.3,10.24,success
3881,Beta,api,baja,6.83,3.72,9,0,88.0,6.29,success
2678,Beta,ui,critica,5.26,3.12,51,0,92.0,2.07,success
4316,Alpha,ui,alta,10.19,1.33,61,0,78.2,8.31,success
1583,Gamma,search,baja,7.34,,187,1,96.7,11.65,success
4275,Alpha,auth,media,6.13,3.85,123,1,69.2,14.37,success
4585,Beta,search,media,8.68,3.5,109,0,85.1,2.36,success
4023,Gamma,ui,critica,17.2,3.88,115,1,81.4,4.19,success
1071,Alpha,ui,baja,3.52,3.08,15,0,94.0,7.55,success
1776,Beta,auth,baja,8.13,2.0,84,0,88.8,7.37,success
4817,Alpha,ui,media,5.95,3.39,186,3,81.8,7.66,success
1284,Alpha,search,baja,3.96,2.48,69,0,90.3,17.14,success
3064,Beta,api,media,3.54,2.8,43,0,86.9,4.71,success
4762,Delta,ui,alta,10.96,5.21,148,2,71.0,5.11,success
1837,Delta,api,critica,10.83,2.67,101,1,90.8,2.82,success
4251,Alpha,api,baja,5.49,5.12,113,0,97.4,10.24,success
1020,Gamma,payments,baja,13.8,2.97,147,1,86.2,10.13,success
3504,Delta,payments,media,6.64,1.94,229,1,91.5,9.33,success
1327,Gamma,ui,alta,11.3,2.74,58,3,72.2,6.21,failed
476,Gamma,api,baja,31.07,2.75,136,1,83.3,7.91,success
4950,Gamma,auth,media,6.76,4.77,83,1,86.0,13.5,success
1652,Delta,search,media,10.71,2.11,54,0,87.7,6.44,failed
4014,Alpha,search,media,6.5,3.12,56,3,92.5,10.33,success
4294,Gamma,search,media,16.43,4.4,44,0,89.9,6.8,success
2624,Alpha,payments,alta,7.9,4.6,62,4,73.3,6.96,rolled_back
3045,Alpha,auth,baja,7.92,4.33,46,0,91.7,11.84,success
2597,Alpha,ui,critica,6.04,5.97,94,2,92.0,0.86,success
1374,Beta,notifications,baja,5.5,3.73,201,1,97.0,21.18,success
740,Beta,auth,media,17.11,4.22,105,2,88.2,5.97,success
3634,Beta,search,alta,5.98,3.83,94,0,94.4,3.94,success
2754,Alpha,ui,media,8.5,2.64,87,1,95.6,10.7,success
868,Beta,search,baja,5.46,1.51,80,0,103.0,9.44,success
1141,Gamma,search,media,11.28,3.68,166,2,76.2,23.04,success
998,Beta,api,media,7.99,4.53,28,3,91.7,4.56,success
1338,Alpha,search,baja,15.45,1.59,73,0,98.0,15.18,success
542,Alpha,api,critica,14.13,1.97,62,2,96.5,1.09,success
1100,Alpha,auth,alta,9.12,2.85,61,1,84.2,5.2,rolled_back
1133,Gamma,auth,baja,7.49,5.52,78,0,69.9,7.19,success
4558,Delta,api,baja,13.52,4.26,180,0,84.4,4.37,success
2729,Alpha,search,media,7.88,2.41,33,0,89.6,13.61,success
2259,Beta,ui,media,5.73,1.7,256,0,98.2,9.41,success
4003,Alpha,auth,media,10.64,3.35,425,4,93.3,34.66,success
60,Gamma,payments,media,7.74,4.65,64,0,76.0,5.44,success
3376,Beta,notifications,media,11.01,3.4,167,1,92.6,9.38,success
1939,Gamma,api,alta,8.46,6.1,403,1,84.6,3.89,success
2590,Alpha,payments,baja,11.32,2.44,77,0,72.4,6.95,success
4945,Gamma,notifications,media,6.84,2.25,86,3,69.5,12.17,rolled_back
1079,Alpha,api,media,7.53,3.06,286,2,88.6,8.45,success
4281,Alpha,api,baja,9.8,1.92,109,2,79.6,5.29,success
4533,Alpha,auth,media,5.22,1.87,413,3,85.4,4.24,success
2955,Alpha,search,baja,6.39,3.71,101,1,87.1,9.68,success
941,Gamma,ui,media,8.42,3.06,117,0,90.5,,success
1081,Beta,auth,baja,6.94,2.17,143,1,95.3,3.07,success
188,Delta,notifications,alta,6.09,1.95,103,1,78.8,3.71,success
2648,Gamma,auth,baja,11.67,3.49,114,0,,4.79,success
2086,Alpha,auth,baja,6.71,4.25,92,0,73.3,9.19,success
2250,Alpha,payments,media,10.83,3.33,121,0,87.4,8.03,success
4899,Alpha,payments,media,6.23,8.57,132,1,79.9,5.01,failed
2024,Delta,search,media,8.87,2.67,533,3,79.0,5.61,success
4461,Beta,payments,media,9.61,3.91,103,1,84.6,3.75,success
4064,Beta,api,baja,12.12,3.14,116,0,79.5,12.54,success
3622,Alpha,search,media,5.81,4.16,88,0,86.0,11.38,success
227,Beta,api,alta,6.12,2.28,149,1,80.5,6.6,success
3318,Alpha,ui,baja,10.67,2.98,68,1,88.9,17.83,success
1930,Alpha,auth,media,4.59,2.35,167,0,93.8,1.7,success
4166,Delta,notifications,media,8.59,2.63,219,1,97.1,2.11,success
4498,Gamma,api,media,4.01,5.08,33,1,94.3,17.59,success
1405,Alpha,payments,media,3.59,5.75,180,2,84.5,7.65,success
2180,Delta,search,critica,17.17,4.46,72,2,86.5,2.13,success
698,Beta,ui,media,12.88,4.16,138,0,87.7,5.26,success
1125,Beta,api,media,9.04,4.6,42,0,97.9,0.65,success
3482,Alpha,search,alta,5.77,3.93,141,1,93.6,5.29,success
2933,Alpha,auth,media,8.86,2.1,150,1,93.5,36.21,success
1779,Gamma,payments,critica,31.07,5.1,166,3,81.1,3.7,rolled_back
4425,Gamma,payments,media,3.82,5.47,102,0,75.9,6.36,success
1038,Delta,auth,alta,4.28,3.64,69,1,,3.52,success
4183,Beta,ui,alta,3.7,2.69,89,2,79.3,5.19,success
2257,Delta,ui,media,8.51,1.91,132,0,96.7,12.48,success
314,Alpha,api,critica,10.02,2.85,148,0,65.3,2.31,failed
2282,Gamma,api,media,8.48,3.36,242,0,76.7,4.97,success
1417,Alpha,search,alta,11.36,4.4,438,2,90.7,2.17,success
1037,Beta,auth,media,3.72,3.64,146,1,75.6,4.85,success
2160,Delta,api,alta,11.69,2.78,402,3,80.0,16.66,failed
4259,Alpha,payments,baja,13.61,1.67,127,0,93.3,3.36,success
1755,Gamma,ui,alta,9.98,4.57,208,4,69.0,4.32,rolled_back
3983,Delta,payments,baja,10.88,2.25,94,0,88.0,15.9,success
2827,Gamma,api,baja,9.76,2.26,374,2,89.9,6.47,failed
2861,Beta,ui,baja,12.01,3.31,22,1,86.7,10.7,success
3221,Alpha,api,baja,5.42,2.91,120,1,75.7,16.81,success
3862,Alpha,auth,baja,7.9,3.85,115,0,68.6,15.12,success
4730,Beta,notifications,media,11.45,4.43,94,0,95.9,0.88,success
1507,Delta,auth,media,5.39,4.62,184,1,77.3,,success
1924,Alpha,notifications,baja,8.48,3.55,41,0,83.9,2.48,success
449,Beta,payments,media,4.54,4.79,9,0,82.8,4.02,success
2457,Alpha,notifications,media,9.88,2.49,113,1,81.4,15.19,success
3165,Alpha,payments,media,7.78,2.21,153,2,74.1,11.36,rolled_back
4978,Delta,auth,baja,7.66,3.5,57,1,69.3,10.45,success
2578,Beta,api,media,5.97,4.66,127,1,84.8,,success
362,Alpha,api,critica,8.16,6.85,45,0,,2.44,success
2184,Beta,search,media,5.24,6.06,173,0,84.1,3.98,success
1135,Alpha,search,baja,14.41,3.13,55,1,85.0,7.57,success
3896,Beta,auth,alta,13.13,2.03,268,2,86.2,4.79,success
2156,Gamma,search,alta,11.58,5.7,317,1,75.6,3.98,success
1831,Beta,payments,alta,11.4,4.05,280,2,66.8,27.94,success
1054,Alpha,api,media,11.02,2.08,384,5,97.9,16.46,success
23,Beta,api,critica,6.71,,158,1,87.7,2.93,success
2067,Gamma,auth,media,5.83,5.93,105,0,88.9,9.09,success
1654,Beta,api,media,9.39,8.06,500,1,81.9,,success
2601,Gamma,api,baja,11.51,3.39,181,1,92.8,17.7,success
3707,Beta,notifications,media,10.46,4.81,247,5,73.6,6.49,success
2811,Beta,auth,critica,9.05,1.84,130,0,88.7,4.89,success
4052,Alpha,payments,media,4.49,3.15,199,2,78.1,7.65,success
2326,Gamma,payments,media,7.34,4.64,161,1,81.5,3.42,success
461,Alpha,notifications,baja,7.84,2.12,182,0,88.0,3.17,success
1068,Gamma,auth,media,9.47,2.79,12,0,85.8,2.26,success
88,Gamma,search,baja,7.28,3.02,272,0,93.2,4.01,success
1431,Alpha,api,media,2.19,2.99,96,1,79.8,4.56,success
4288,Gamma,api,media,2.71,4.58,339,4,73.0,,success
283,Beta,ui,alta,5.96,2.56,76,1,80.3,4.03,success
463,Gamma,notifications,baja,32.11,2.58,53,0,76.5,3.47,success
213,Alpha,search,alta,9.46,2.39,173,2,64.3,2.1,success
2513,Delta,api,media,23.12,4.55,220,1,94.8,3.96,success
1369,Beta,api,baja,11.31,2.25,91,2,83.6,5.42,rolled_back
235,Alpha,api,critica,11.63,3.35,273,3,93.2,4.26,success
4448,Gamma,api,baja,4.25,4.0,69,0,96.7,5.8,success
598,Alpha,api,media,3.69,4.55,88,0,89.2,3.88,success
4429,Delta,payments,baja,10.29,3.57,96,0,90.2,7.7,success
2251,Alpha,ui,baja,5.48,3.08,50,3,70.4,9.22,success
4047,Gamma,payments,media,7.23,4.05,93,0,77.2,2.92,success
2284,Beta,payments,alta,16.61,2.84,447,0,79.3,4.39,success
663,Gamma,search,critica,12.48,2.88,65,0,78.9,1.82,success
4972,Alpha,api,baja,3.54,1.41,51,0,80.8,40.17,success
2286,Delta,search,media,10.47,3.07,162,1,96.2,2.72,success
4725,Beta,notifications,media,7.37,,225,0,92.4,2.11,success
3207,Delta,auth,baja,3.93,5.1,225,1,77.0,12.79,success
3960,Delta,auth,media,5.9,4.73,10,0,76.3,3.12,success
4352,Beta,notifications,media,5.47,5.24,224,1,,12.59,success
780,Beta,notifications,media,9.4,2.67,387,1,88.9,3.51,success
4039,Delta,notifications,baja,9.11,3.18,32,0,86.9,10.23,success
3440,Alpha,api,alta,5.11,2.38,178,0,81.7,5.7,success
3980,Alpha,ui,baja,7.31,5.69,251,1,98.2,5.53,success
3210,Beta,auth,media,8.3,2.52,22,0,85.7,16.87,success
4991,Beta,ui,media,9.18,2.3,159,1,91.2,13.75,success
686,Beta,ui,media,3.43,6.09,264,1,68.7,4.86,success
3183,Beta,payments,media,6.53,3.1,112,0,87.9,28.89,success
3793,Gamma,search,alta,7.1,7.27,187,3,70.1,9.6,success
3448,Delta,search,media,14.85,3.33,169,4,78.8,3.91,success
2172,Alpha,auth,media,9.17,4.74,14,0,93.5,20.25,success
2681,Alpha,search,media,6.07,2.38,267,1,77.2,12.65,success
1851,Gamma,notifications,media,6.21,1.97,94,0,91.9,6.81,success
488,Beta,api,alta,11.24,3.01,174,1,88.9,5.16,success
1689,Beta,api,baja,9.98,3.73,90,0,89.5,12.32,success
2231,Delta,auth,CRITICA,11.13,1.98,100,1,91.3,0.95,success
3278,Beta,search,media,2.69,5.14,86,0,89.3,9.27,success
2321,Delta,api,media,7.01,2.6,252,2,77.3,3.5,success
783,Delta,ui,critica,3.45,3.58,374,4,94.9,8.81,success
522,Beta,search,media,5.38,3.36,150,2,60.5,22.59,rolled_back
523,Alpha,auth,alta,4.21,2.18,199,0,82.1,9.44,success
2851,Beta,payments,baja,6.78,7.52,72,0,93.6,6.55,success
3968,Alpha,ui,baja,4.67,2.33,170,0,87.9,5.98,success
2399,Delta,ui,media,7.66,3.64,88,1,93.7,7.85,success
2208,Gamma,ui,media,3.58,3.09,95,1,82.8,7.64,success
3492,Alpha,payments,baja,8.23,2.54,30,0,85.3,6.28,success
3567,Alpha,api,media,6.14,3.56,210,0,88.5,2.68,success
3753,Alpha,api,critica,5.65,2.37,396,3,84.8,1.8,failed
2836,Delta,api,baja,9.07,1.73,46,1,86.6,3.12,success
1512,Gamma,api,critica,6.98,6.97,120,1,88.9,1.22,success
1883,Beta,api,baja,22.3,7.46,164,0,84.2,6.21,success
652,Beta,api,media,18.19,3.61,257,1,92.9,8.98,success
3245,Gamma,api,alta,11.55,4.73,217,2,96.3,,success
3103,Gamma,notifications,alta,7.76,2.42,310,2,81.0,3.6,success
370,Gamma,notifications,baja,7.94,4.72,66,0,84.4,8.02,success
3195,Delta,api,baja,6.96,3.07,165,3,96.5,22.86,success
119,Gamma,auth,media,9.72,4.06,19,0,92.5,5.75,success
3334,Beta,api,media,5.41,4.21,34,1,79.0,11.45,success
3048,Beta,ui,baja,5.28,2.06,135,1,79.5,10.3,success
2217,Beta,auth,media,2.94,3.96,8,1,82.8,17.08,success
4974,Beta,ui,alta,12.05,2.42,177,2,93.9,2.9,success
1614,Gamma,auth,baja,19.36,2.27,63,1,72.3,6.58,success
3403,Beta,api,media,7.33,3.0,74,0,91.7,17.41,success
963,Gamma,ui,baja,6.16,2.53,37,0,87.3,6.68,success
2511,Alpha,ui,alta,7.78,2.21,199,1,77.6,2.27,success
3576,Beta,notifications,baja,5.21,3.14,319,1,95.5,6.45,success
2837,Delta,payments,media,5.21,2.12,99,2,89.3,11.84,success
3459,Beta,api,alta,8.28,1.73,62,0,92.3,3.45,success
3869,Gamma,auth,baja,7.07,1.53,66,0,85.4,17.48,success
2416,Beta,api,baja,13.42,3.3,111,1,95.5,11.88,success
4663,Beta,ui,media,2.86,3.24,108,0,85.8,6.47,success
4245,Delta,api,baja,5.62,2.24,49,0,84.5,4.65,success
2186,Gamma,ui,media,19.51,4.96,171,3,86.6,8.94,success
2835,Gamma,ui,alta,12.46,5.78,302,3,91.9,8.91,success
2038,Delta,search,alta,6.55,6.72,252,1,85.9,1.28,success
4270,Alpha,payments,media,8.57,3.15,174,0,92.8,2.87,success
773,Gamma,ui,baja,5.38,3.39,86,1,81.8,3.94,success
1285,Gamma,search,baja,8.0,2.89,104,0,,5.77,success
4612,Beta,auth,alta,6.48,6.87,232,3,79.0,7.57,failed
4865,Delta,payments,media,5.68,4.08,103,0,96.7,7.62,success
1415,Beta,ui,baja,13.96,5.46,236,0,87.2,3.31,success
1235,Gamma,api,media,6.12,2.1,29,1,79.2,17.67,success
4188,Delta,api,media,5.77,4.36,164,1,93.4,11.42,success
436,Delta,auth,critica,6.7,3.85,430,3,90.4,1.97,success
1675,Gamma,ui,baja,3.24,3.55,112,0,95.0,5.06,success
366,Gamma,ui,media,5.13,3.06,49,3,78.8,3.58,success
2663,Gamma,payments,media,9.25,1.8,249,0,94.6,7.51,success
232,Beta,api,baja,10.85,2.58,82,1,89.5,23.11,success
4276,Delta,notifications,media,4.15,2.22,182,0,91.5,15.05,success
4057,Alpha,api,media,8.96,2.33,56,0,73.7,8.33,success
4408,Alpha,ui,alta,9.56,2.51,24,1,73.5,7.32,success
408,Gamma,ui,media,8.52,4.13,90,0,93.9,9.72,success
2091,Alpha,ui,media,11.81,1.65,225,3,77.7,,success
87,Beta,notifications,media,10.75,5.4,73,2,89.7,4.52,success
845,Beta,api,baja,7.93,2.45,207,2,91.4,11.82,success
1032,Alpha,notifications,alta,6.09,2.46,148,1,74.0,3.44,success
2645,Alpha,api,alta,8.21,2.1,19,2,89.3,1.41,success
3215,Alpha,auth,alta,2.73,2.93,155,0,82.6,,success
3574,Alpha,ui,media,8.23,2.41,107,0,86.0,13.86,success
4889,Delta,auth,baja,10.08,6.36,269,0,84.9,24.77,success
2672,Gamma,ui,alta,5.8,1.81,147,1,69.1,4.94,rolled_back
856,Beta,payments,baja,3.28,2.81,70,0,80.7,5.24,success
79,Alpha,api,alta,8.41,4.72,360,1,95.1,16.68,success
2248,Delta,ui,baja,5.06,2.55,12,0,89.5,2.04,success
4579,Beta,search,alta,7.45,4.84,174,2,68.5,2.63,success
3672,Delta,search,alta,11.3,2.73,285,2,83.8,3.63,success
2926,Delta,api,baja,3.25,3.0,36,0,65.9,24.21,success
2923,Beta,search,alta,9.27,2.99,328,3,62.1,2.06,success
2280,Beta,auth,baja,7.74,6.2,206,0,75.6,16.44,success
3607,Gamma,ui,critica,12.21,4.06,53,1,91.7,3.09,success
4167,Gamma,notifications,baja,5.95,2.43,193,1,79.0,20.0,success
3886,Beta,ui,alta,7.91,2.82,217,0,87.5,7.43,success
3442,Beta,api,media,9.97,2.46,160,1,89.6,2.0,success
2177,Delta,api,media,8.3,4.96,101,1,78.7,2.73,success
425,Delta,search,alta,6.77,3.05,100,0,88.8,3.85,success
393,Delta,auth,media,18.71,4.05,293,1,77.6,14.2,rolled_back
4735,Beta,notifications,baja,9.33,4.79,82,0,,29.73,success
3429,Beta,notifications,baja,15.01,3.28,235,2,80.0,12.67,success
105,Beta,api,baja,7.31,4.5,62,0,86.0,2.02,success
2986,Alpha,auth,alta,8.83,4.97,112,1,81.9,3.12,rolled_back
3969,Gamma,payments,media,5.75,2.85,248,1,88.7,,success
1949,Alpha,ui,critica,11.64,5.31,209,0,85.3,1.84,success
1460,Alpha,api,baja,6.12,7.81,175,1,72.2,10.92,success
3271,Beta,api,critica,4.87,4.56,35,0,96.6,3.38,success
4610,Delta,api,media,11.22,6.48,128,0,58.7,6.61,rolled_back
4113,Alpha,ui,media,15.13,3.29,51,0,79.7,2.74,success
4798,Gamma,api,media,5.56,3.62,52,0,89.2,6.38,success
1588,Beta,auth,baja,4.08,5.61,83,1,82.3,5.21,success
3675,Beta,api,media,11.38,2.53,42,0,83.4,8.97,success
1732,Beta,auth,baja,20.15,2.64,123,1,82.0,13.56,success
4773,Gamma,auth,critica,5.46,3.36,295,2,82.4,3.68,success
3729,Alpha,ui,media,6.5,4.0,75,1,,7.5,success
4848,Delta,search,media,7.81,3.09,24,0,73.0,3.77,failed
1792,Gamma,payments,critica,3.63,2.35,228,0,75.5,1.4,rolled_back
2356,Beta,payments,media,4.32,4.09,238,1,79.9,19.29,success
1941,Alpha,api,media,6.71,3.56,76,0,95.1,8.3,success
703,Alpha,api,media,5.58,2.06,147,1,88.0,8.83,success
2443,Beta,payments,baja,3.79,3.94,180,1,91.7,11.17,success
2828,Delta,search,media,6.0,6.29,135,0,82.1,18.64,success
497,Delta,notifications,baja,6.96,5.22,116,0,86.8,9.34,success
465,Alpha,notifications,media,10.03,5.75,68,0,88.1,2.28,success
2701,Alpha,api,critica,11.51,7.38,34,0,97.7,3.33,success
4695,Alpha,api,alta,5.03,2.57,26,2,95.4,6.13,success
173,Alpha,payments,baja,5.88,2.48,164,0,89.9,8.01,success
4307,Gamma,ui,baja,8.0,3.56,231,1,94.4,10.01,success
4805,Beta,auth,baja,17.0,3.9,95,1,91.0,17.88,success
2541,Alpha,payments,media,3.66,2.36,229,1,89.1,6.51,failed
3276,Beta,api,media,3.73,3.1,190,0,87.4,5.64,success
3332,Delta,ui,media,5.0,3.59,70,0,79.4,9.27,success
2261,Beta,api, media,6.37,1.48,135,1,87.4,6.03,success
2113,Alpha,ui,media,2.55,2.5,112,0,85.1,4.41,success
901,Alpha,api,alta,5.56,5.26,60,3,82.6,5.28,rolled_back
1447,Beta,notifications,baja,12.78,6.73,166,1,70.5,7.17,success
3589,Beta,search,media,6.05,4.11,137,0,77.8,6.04,success
742,Alpha,api,media,4.56,3.89,53,0,58.1,7.49,success
2294,Gamma,auth,alta,7.87,,152,1,88.2,4.29,success
2453,Beta,api,alta,14.38,7.32,103,0,75.7,9.16,success
4315,Beta,search,baja,14.03,1.16,147,0,81.9,5.53,success
4094,Delta,api,baja,7.22,2.86,203,3,84.2,3.51,success
1207,Beta,api,baja,4.93,3.69,12,0,93.2,22.56,success
510,Gamma,notifications,baja,6.79,3.41,22,0,98.0,13.17,success
2634,Gamma,auth,alta,6.31,2.4,140,2,95.2,7.46,success
2816,Gamma,ui,media,4.2,2.95,77,0,80.5,4.68,success
3327,Beta,auth,critica,7.4,2.46,189,2,83.8,3.59,success
1550,Gamma,api,baja,7.39,5.71,205,1,64.3,10.29,success
4338,Alpha,notifications,baja,5.99,2.12,230,1,90.7,6.93,success
2203,Alpha,search,baja,3.88,3.54,37,0,72.4,28.45,success
2567,Beta,ui,baja,4.74,3.72,72,0,78.7,6.88,success
2693,Gamma,api,media,8.89,3.33,76,1,92.1,52.25,success
2045,Beta,payments,baja,13.06,6.12,75,1,72.3,27.42,success
768,Alpha,notifications,media,5.01,4.71,112,2,83.5,6.14,success
4881,Beta,api,media,19.36,2.85,129,2,86.2,16.38,success
3754,Gamma,ui,critica,7.22,4.01,185,2,80.1,1.95,failed
422,Alpha,search,alta,8.15,1.93,105,0,81.4,6.71,success
124,Gamma,payments,baja,10.54,6.92,116,3,86.1,8.96,success
4170,Alpha,payments,critica,7.84,1.59,56,1,79.1,17.78,failed
4156,Gamma,notifications,media,7.06,4.71,55,0,90.1,6.35,success
820,Alpha,auth,baja,3.51,3.46,101,0,85.5,7.88,success
1404,Alpha,api,baja,6.87,2.7,82,4,89.2,25.68,success
1383,Delta,ui,alta,7.55,3.38,72,1,94.7,13.91,success
2149,Gamma,notifications,media,4.81,7.65,51,1,83.8,11.89,success
1576,Delta,ui,alta,8.59,2.73,167,0,87.7,2.55,success
1639,Alpha,auth,baja,5.18,3.1,75,1,65.1,21.34,success
1796,Delta,search,baja,7.69,2.1,133,0,84.8,8.85,success
4824,Delta,auth,baja,7.73,2.7,64,0,90.1,14.17,success
400,Gamma,api,media,5.57,2.27,147,1,80.1,6.18,success
2311,Gamma,api,media,5.45,4.15,62,0,78.2,6.53,success
883,Beta,payments,media,5.72,6.81,410,0,92.3,5.04,success
4982,Alpha,ui,alta,4.16,4.14,172,1,90.1,6.31,success
2911,Delta,api,media,10.38,1.77,127,2,92.4,4.08,success
1353,Alpha,auth,media,6.39,2.22,53,1,86.1,5.3,success
2756,Gamma,api,alta,7.13,1.67,23,0,92.2,7.65,success
4559,Delta,api,media,8.15,1.65,41,0,90.0,20.01,success
2131,Delta,ui,media,5.52,3.74,73,1,96.4,,success
983,Alpha,search,media,5.78,5.34,139,0,,10.87,success
457,Delta,api,alta,5.01,8.22,92,1,,5.98,success
3546,Alpha,auth,baja,4.77,7.82,70,0,86.3,2.23,success
1080,Alpha,notifications,baja,8.53,3.98,104,2,75.5,6.86,success
1951,Beta,notifications,baja,12.54,2.41,51,0,86.7,6.05,success
4323,Gamma,search,alta,10.51,4.34,327,2,89.7,5.45,success
690,Gamma,api,media,20.21,2.31,120,0,73.7,11.6,success
2430,Delta,ui,alta,13.22,3.83,111,2,87.1,10.02,success
642,Beta,search,alta,5.62,2.28,93,0,80.2,2.13,success
2393,Gamma,auth,baja,5.8,3.04,119,1,,7.27,success
1954,Alpha,notifications,media,9.38,2.92,123,1,97.8,1.58,success
3910,Gamma,search,media,9.48,2.85,99,0,83.9,6.02,success
3266,Alpha,notifications,baja,5.38,1.81,80,0,92.4,21.37,success
4280,Alpha,auth,baja,16.15,2.75,66,1,84.3,1.81,success
3350,Gamma,ui,alta,9.86,10.39,108,0,93.7,8.79,success
4775,Alpha,auth,media,6.21,3.26,137,0,87.4,8.36,success
2945,Alpha,api,baja,3.91,3.04,138,3,73.7,6.89,success
1885,Beta,api,media,5.38,4.18,150,1,96.8,5.6,success
390,Delta,notifications,media,10.11,2.09,199,0,98.2,5.1,success
2495,Alpha,payments,baja,12.24,0.87,258,0,69.9,9.78,success
3131,Delta,api,alta,5.17,2.78,196,3,90.4,13.11,success
4990,Delta,notifications,alta,3.2,2.67,66,0,88.7,2.44,success
846,Beta,ui,media,4.88,3.3,193,1,73.5,23.18,success
543,Delta,auth,baja,9.24,1.73,68,0,89.7,8.83,success
92,Gamma,ui,alta,10.08,3.03,283,2,81.4,3.4,success
3905,Gamma,search,media,13.86,3.81,162,0,84.1,4.32,success
1980,Gamma,payments,baja,4.75,2.37,204,0,81.8,8.42,success
2826,Alpha,payments,media,8.77,3.22,326,4,87.2,17.39,success
4843,Beta,notifications,media,17.22,2.75,139,1,90.8,3.58,success
2916,Alpha,auth,baja,5.65,5.07,228,6,62.2,14.7,success
2530,Beta,notifications,baja,9.8,1.66,123,0,78.3,19.26,success
1677,Alpha,auth,media,5.13,4.05,219,2,94.9,8.75,success
1049,Alpha,api,critica,7.39,2.33,336,3,89.8,4.65,failed
1961,Alpha,api,alta,3.42,3.12,98,0,93.2,5.5,success
2531,Delta,payments,baja,6.78,4.57,36,0,,4.45,success
4383,Alpha,ui,media,5.91,3.06,113,1,85.4,4.19,success
238,Gamma,notifications,alta,5.73,2.57,137,2,92.6,8.61,success
3160,Gamma,api,media,16.85,3.75,68,0,89.1,0.57,success
4103,Delta,payments,media,11.63,3.24,133,0,89.2,2.06,success
1134,Alpha,payments,alta,10.9,2.37,157,0,94.2,5.08,success
1806,Gamma,auth,baja,4.38,3.11,126,0,80.6,11.52,success
4151,Beta,api,media,13.12,3.29,21,0,91.1,11.32,success
164,Alpha,ui,alta,7.79,3.87,133,1,82.1,1.81,success
4631,Gamma,auth,media,9.62,3.61,10,0,74.7,15.68,success
4718,Gamma,api,alta,13.04,5.37,293,2,93.3,3.01,success
3555,Beta,api,media,10.79,1.96,104,1,81.4,8.78,success
3467,Delta,api,media,7.6,4.48,48,1,82.7,5.85,success
3670,Gamma,notifications,alta,10.87,4.54,139,2,88.7,,success
3650,Alpha,ui,baja,7.24,2.38,52,0,69.8,9.01,success
3955,Beta,api,media,16.97,5.2,119,1,72.7,16.15,success
1812,Gamma,api,alta,8.3,1.85,242,1,83.4,21.7,success
3124,Beta,notifications,baja,10.12,5.61,344,0,89.0,4.79,success
3163,Gamma,auth,critica,7.37,2.34,163,1,91.4,7.03,success
1429,Gamma,ui,media,4.16,2.99,123,0,78.0,8.2,success
3629,Beta,api,media,8.7,1.41,128,1,72.3,17.53,success
2813,Alpha,ui,critica,3.07,2.48,115,0,,7.55,success
3410,Delta,auth,media,13.17,3.23,36,0,80.3,9.51,success
4469,Delta,auth,alta,3.84,2.37,28,0,94.9,3.88,success
4658,Beta,notifications,critica,6.16,3.32,226,0,97.8,3.77,success
2834,Beta,auth,media,9.25,2.32,30,1,85.1,9.54,success
1453,Beta,auth,media,7.62,5.55,323,5,84.6,7.67,failed
594,Gamma,ui,baja,9.6,2.77,214,2,90.0,6.58,success
42,Alpha,notifications,media,6.94,1.39,30,1,89.4,,success
561,Beta,auth,baja,6.86,5.89,40,1,85.7,7.43,success
2950,Gamma,payments,baja,7.05,1.72,222,0,92.6,1.89,success
4093,Gamma,ui,baja,11.64,1.45,20,0,90.9,6.03,success
244,Delta,ui,media,2.79,3.84,60,0,95.4,4.28,success
1340,Delta,search,alta,7.16,5.21,285,2,91.5,4.27,success
3035,Alpha,auth,baja,11.36,3.85,211,3,88.9,28.57,success
2975,Beta,payments,media,14.83,3.91,63,1,92.8,23.66,success
3815,Beta,auth,media,12.35,3.48,148,3,79.6,4.98,success
1443,Beta,search,baja,7.0,3.58,11,0,65.1,5.24,success
262,Beta,payments,media,13.23,6.74,121,0,70.3,12.68,success
4838,Delta,api,alta,9.36,3.68,269,3,77.6,1.53,success
1690,Beta,api,alta,6.41,4.15,150,2,88.9,15.52,success
1726,Beta,search,alta,5.93,1.53,211,4,79.6,4.65,success
4077,Gamma,payments,baja,3.22,2.73,17,0,93.7,11.01,success
835,Delta,auth,critica,4.97,3.7,209,1,81.7,4.69,success
1867,Delta,ui,alta,3.12,3.38,79,1,92.1,4.37,success
2497,Alpha,api,media,8.93,,55,1,88.2,4.58,success
2011,Gamma,api,baja,5.17,5.35,260,3,95.6,31.38,success
341,Beta,search,media,8.7,3.14,88,1,83.0,5.28,success
3002,Beta,auth,baja,6.13,2.52,33,0,81.4,13.05,success
1602,Alpha,auth,media,7.31,3.27,177,0,84.7,24.65,success
3017,Beta,api,media,7.04,3.61,131,0,62.8,6.84,success
4703,Gamma,auth,media,9.27,2.94,62,1,79.3,3.86,success
481,Delta,api,critica,7.87,2.03,58,1,83.3,2.31,success
4650,Beta,api,alta,11.06,2.82,126,1,90.6,6.23,success
3916,Alpha,auth,baja,6.61,4.48,25,0,90.0,7.41,success
3408,Alpha,api,alta,6.72,2.38,166,2,70.6,3.56,success
4647,Alpha,auth,media,5.07,1.52,135,1,75.5,28.48,success
4624,Beta,search,alta,6.66,9.36,406,2,80.9,9.03,failed
4006,Beta,search,CRITICA,7.34,7.51,191,2,62.0,7.93,failed
1767,Gamma,ui,alta,5.04,3.04,64,0,84.2,4.57,success
4482,Alpha,payments,alta,4.31,2.04,19,0,92.3,2.12,success
2454,Gamma,notifications,media,7.84,2.2,255,0,92.5,5.93,failed
2891,Alpha,auth,alta,13.49,3.39,207,1,89.3,3.3,success
3831,Delta,auth,baja,1.29,3.86,100,1,84.9,7.08,success
4032,Alpha,ui,media,9.9,3.32,156,0,91.8,4.44,success
4686,Delta,search,critica,11.76,5.21,122,0,90.3,6.83,success
3695,Gamma,ui,baja,6.97,1.67,300,0,94.7,3.86,success
1272,Alpha,ui,media,3.45,2.76,51,0,86.4,7.16,success
4029,Gamma,api,alta,5.29,4.77,240,0,87.9,4.27,success
4510,Gamma,ui,media,6.56,2.48,62,0,64.8,6.83,success
3108,Delta,payments,baja,10.51,5.48,130,2,67.5,7.92,success
4150,Beta,ui,critica,5.72,3.41,93,2,89.7,2.94,success
348,Delta,api,alta,8.79,3.12,215,1,90.3,5.96,success
3897,Gamma,search,alta,5.99,4.33,169,0,91.1,8.25,success
4632,Alpha,payments,media,10.59,6.36,430,2,95.7,1.97,success
2563,Delta,ui,media,3.96,2.69,62,0,91.1,2.78,success
4911,Alpha,auth,alta,4.71,3.67,344,4,87.4,4.75,failed
1424,Beta,ui,media,6.24,2.16,31,0,90.7,5.71,success
657,Gamma,notifications,baja,5.55,3.55,52,3,64.4,12.2,success
2103,Beta,notifications,alta,12.22,3.16,127,1,86.4,4.83,success
633,Beta,search,baja,5.91,1.67,158,0,82.7,13.12,success
2906,Beta,search,baja,4.53,3.79,103,0,73.9,12.54,success
2494,Beta,auth,media,10.64,3.54,282,1,78.1,4.36,rolled_back
2666,Alpha,auth,media,5.02,1.98,56,1,83.1,8.78,success
4155,Alpha,search,media,6.58,7.2,106,1,77.7,11.51,success
4221,Alpha,ui,baja,8.94,6.03,238,4,78.6,7.88,success
3321,Alpha,auth,media,4.0,2.39,43,0,79.4,2.55,success
3110,Alpha,api,critica,7.32,3.43,97,1,82.9,2.38,success
3610,Beta,api,media,6.22,2.86,84,1,91.4,9.27,success
2501,Alpha,api,critica,5.79,5.15,78,2,70.1,6.16,success
1466,Beta,api,media,14.42,3.83,53,0,75.0,12.57,success
2847,Alpha,payments,alta,10.84,2.47,20,0,85.1,5.95,success
116,Gamma,auth,media,14.08,2.54,44,0,86.5,15.01,success
1822,Gamma,search,alta,3.87,3.44,148,3,88.9,8.75,success
1495,Delta,api,alta,7.43,2.35,78,1,62.7,,success
2402,Gamma,ui,alta,5.23,2.16,27,1,84.2,2.73,success
1233,Beta,ui,baja,9.38,3.2,203,2,81.4,,success
2662,Gamma,api,baja,12.9,6.42,150,0,93.2,7.89,success
3880,Delta,payments,media,25.9,2.24,20,1,85.8,5.06,success
4582,Gamma,payments,media,6.69,2.01,138,0,82.4,8.03,success
1154,Beta,auth,baja,15.64,1.98,140,0,86.7,7.7,success
4706,Beta,api,critica,10.19,4.81,215,1,59.2,5.15,success
58,Delta,api,alta,3.9,3.4,54,1,85.4,3.01,success
3409,Alpha,api,baja,5.96,2.51,126,0,86.0,,success
4297,Beta,auth,media,12.54,3.24,190,1,93.4,2.3,success
4954,Beta,auth,baja,15.2,2.96,121,0,89.8,9.32,success
1736,Gamma,ui,CRITICA,10.32,4.48,99,0,85.9,1.53,success
2197,Gamma,payments,alta,7.33,4.29,110,0,96.0,5.53,success
3568,Alpha,payments,alta,3.6,3.85,414,2,77.9,6.79,success
2476,Beta,payments,baja,4.53,5.38,165,1,92.7,6.78,success
2565,Beta,payments,baja,20.59,2.49,26,1,75.8,9.43,success
758,Alpha,ui,alta,5.33,1.84,98,1,92.2,14.38,success
4050,Alpha,payments,media,5.72,3.01,121,1,81.9,7.95,success
3671,Gamma,auth,media,21.81,7.36,128,3,96.9,7.31,success
708,Gamma,search,alta,23.06,2.45,356,2,76.0,17.56,rolled_back
4289,Alpha,ui,critica,7.02,2.39,51,0,86.6,5.38,success
1094,Alpha,notifications,baja,11.53,4.08,274,0,89.8,6.72,success
3577,Alpha,ui,media,11.92,4.25,46,0,83.8,3.31,success
1377,Beta,api,media,12.3,2.24,197,1,86.3,17.43,success
4922,Delta,auth,baja,13.33,3.03,133,0,81.8,5.58,success
73,Alpha,auth,media,4.22,2.27,105,0,75.9,7.37,success
1923,Delta,ui,baja,6.31,1.78,119,0,94.3,12.54,success
3902,Beta,api,media,6.3,3.02,76,1,85.3,27.69,success
1765,Alpha,ui,media,6.92,3.52,67,0,77.6,27.52,success
744,Delta,ui,media,11.54,3.8,74,0,96.5,11.57,success
3102,Gamma,auth,media,5.28,3.57,8,0,92.3,5.84,success
1006,Alpha,ui,media,6.67,5.85,116,0,82.6,3.77,success
2669,Alpha,auth,critica,2.96,2.81,154,1,86.1,3.07,success
1191,Beta,auth,baja,4.81,3.39,190,2,93.7,13.5,success
3204,Alpha,ui,media,7.35,3.74,47,0,65.7,11.72,success
2602,Alpha,auth,baja,14.12,5.38,213,2,76.2,19.36,success
1126,Gamma,notifications,media,9.83,6.99,319,1,96.2,8.27,success
1242,Gamma,ui,alta,8.27,5.65,18,1,86.2,7.25,success
3938,Delta,auth,media,12.39,3.66,55,1,79.1,9.92,success
4138,Gamma,auth,baja,7.7,3.7,97,0,96.9,24.79,success
3456,Alpha,ui,critica,9.37,3.43,204,3,,8.12,failed
999,Alpha,api,baja,4.73,1.63,60,0,,55.91,success
3400,Gamma,ui,baja,8.77,3.27,130,0,83.0,10.55,success
2685,Beta,ui,alta,11.4,4.69,128,1,97.1,5.4,success
1578,Gamma,auth,baja,13.45,4.84,12,0,82.8,7.97,success
4946,Gamma,auth,baja,8.12,4.04,335,0,80.4,6.44,success
1827,Gamma,search,alta,13.18,6.83,94,1,92.4,18.44,success
3306,Beta,api,baja,11.65,5.34,158,0,73.4,20.94,success
4998,Gamma,notifications,alta,3.21,3.45,26,1,90.0,2.52,success
3551,Gamma,search,critica,9.28,2.86,112,2,75.9,2.51,success
441,Delta,search,alta,5.85,2.36,123,1,87.0,,success
4960,Gamma,notifications,critica,7.31,2.36,196,1,78.3,2.36,success
1101,Gamma,api,critica,5.94,2.95,100,0,93.0,1.53,success
4026,Delta,auth,media,7.94,2.71,147,2,91.2,7.83,success
3072,Delta,ui,critica,8.26,2.62,298,4,80.0,1.41,success
650,Gamma,ui,media,7.6,4.88,124,0,95.2,13.86,success
1547,Beta,ui,alta,10.49,4.61,272,3,96.2,6.29,success
3553,Beta,auth,media,5.54,,146,0,83.8,6.67,success
3575,Gamma,payments,critica,5.3,2.18,168,1,93.6,5.12,success
3200,Beta,api,media,7.28,3.04,134,1,76.9,4.77,success
4152,Beta,auth,baja,11.76,2.78,8,0,77.5,7.56,success
631,Beta,ui,baja,8.47,,133,1,72.4,10.41,success
673,Gamma,auth,critica,6.15,3.26,157,1,89.1,2.1,success
1250,Gamma,notifications,media,9.89,3.53,51,0,82.5,31.31,success
483,Gamma,auth,media,18.81,5.11,106,1,82.5,28.62,success
1585,Alpha,payments,baja,6.27,4.69,63,1,90.5,13.64,success
4607,Gamma,ui,alta,7.76,2.45,24,0,90.0,5.16,success
4636,Alpha,auth,baja,9.12,6.18,121,0,79.6,6.14,success
4666,Beta,ui,baja,11.8,3.35,130,1,87.8,17.4,success
1463,Beta,search,baja,7.16,2.55,46,0,97.2,27.04,success
3945,Alpha,ui,baja,6.46,2.57,12,0,78.2,12.74,success
4406,Gamma,ui,media,8.16,1.94,298,1,87.3,7.29,success
2579,Delta,payments,alta,10.18,3.3,182,1,82.0,3.92,rolled_back
3817,Alpha,ui,media,14.39,4.69,22,1,84.8,7.47,success
50,Delta,auth,media,11.85,3.9,217,0,75.1,4.62,success
4944,Beta,notifications,baja,5.57,7.55,60,1,60.9,24.36,success
4577,Alpha,auth,alta,8.03,2.55,57,0,83.6,3.27,success
859,Beta,search,alta,10.7,1.69,33,1,80.5,2.07,success
1073,Gamma,notifications,baja,9.56,2.61,137,0,94.9,3.92,success
720,Beta,notifications,baja,12.05,1.81,55,0,90.5,1.5,success
4247,Alpha,auth,media,5.11,6.05,54,0,80.7,6.39,success
2632,Beta,ui,baja,13.3,1.44,82,0,76.4,38.11,success
4882,Gamma,api,baja,21.26,6.23,186,0,90.2,9.97,success
1661,Gamma,notifications,alta,9.13,3.67,92,1,86.8,2.72,success
1657,Gamma,ui,alta,14.75,2.1,220,4,70.1,5.76,success
2426,Delta,search,alta,16.04,5.16,123,0,84.6,21.65,success
3807,Delta,api,critica,7.01,1.71,56,1,96.4,3.97,success
4237,Gamma,notifications,media,6.84,1.9,126,0,75.3,2.55,success
4983,Gamma,ui,alta,3.36,1.89,128,0,88.2,5.57,success
3323,Alpha,api,alta,7.33,2.04,135,2,84.6,6.4,success
4485,Beta,ui,media,6.6,3.33,94,2,56.7,2.5,success
3319,Alpha,auth,alta,8.38,5.74,106,0,88.1,5.79,success
4760,Alpha,search,baja,7.01,4.58,31,0,73.0,6.15,success
4134,Beta,search,baja,15.08,2.04,214,0,81.9,7.28,success
2607,Beta,auth,media,28.1,3.85,166,1,76.9,12.93,success
1386,Alpha,api,media,3.84,4.24,114,1,72.6,9.5,success
4206,Beta,api,baja,8.49,3.69,40,0,91.4,4.65,success
1400,Delta,api,baja,6.85,2.47,80,0,83.6,6.34,success
1196,Alpha,api,media,2.72,3.02,88,1,96.9,5.73,success
1409,Delta,payments,media,17.9,1.89,130,0,88.6,8.36,success
3840,Delta,notifications,critica,8.27,3.33,253,1,96.9,15.55,success
1799,Delta,notifications,baja,7.87,2.43,163,0,93.7,18.84,success
1476,Alpha,auth,baja,10.34,3.24,251,1,79.9,12.74,success
3909,Gamma,payments,baja,4.65,5.2,58,0,94.8,12.27,success
36,Gamma,auth,media,11.49,7.93,76,3,78.6,5.08,success
3556,Beta,ui,critica,7.35,3.27,419,4,73.5,3.93,failed
2346,Delta,auth,media,18.71,16.97,115,0,69.5,5.33,success
3929,Beta,payments,baja,8.98,4.68,70,2,,9.16,success
2360,Gamma,api,baja,7.61,4.8,42,0,74.6,2.48,success
2207,Alpha,api,baja,7.73,1.75,141,1,91.6,5.56,success
3783,Beta,search,alta,13.19,4.36,65,1,89.1,5.77,success
1287,Beta,auth,media,7.71,3.14,150,0,69.7,7.07,success
350,Beta,payments,alta,4.97,7.26,97,1,70.5,14.73,success
2138,Alpha,payments,alta,5.64,1.41,32,1,84.3,8.97,success
2692,Gamma,ui,alta,11.98,2.71,93,1,94.0,2.39,success
2993,Beta,payments,media,6.49,2.83,48,1,86.4,5.14,success
3139,Gamma,api,alta,12.47,2.04,176,1,66.9,16.39,success
1682,Beta,ui,baja,6.79,1.48,65,0,92.1,15.02,success
4037,Alpha,search,critica,6.42,4.59,549,1,93.4,1.94,success
1444,Gamma,notifications,critica,5.5,1.82,90,2,90.1,1.13,success
3257,Beta,api,media,4.83,2.72,297,1,77.1,1.67,success
1672,Gamma,ui,media,5.14,5.02,138,0,77.8,4.73,success
3665,Alpha,notifications,alta,5.05,4.31,80,0,75.3,2.36,failed
1180,Alpha,payments,media,5.71,4.03,69,0,94.0,4.69,success
2799,Beta,search,baja,6.44,6.27,106,0,84.9,6.46,success
1693,Alpha,api,alta,5.37,2.75,127,0,92.4,2.83,success
3890,Delta,payments,baja,10.87,3.28,235,2,57.9,3.69,failed
373,Gamma,payments,baja,5.22,2.44,100,1,88.6,6.24,success
3626,Beta,payments,baja,5.03,4.06,165,0,92.7,12.17,success
1917,Beta,notifications,baja,5.51,3.11,51,1,89.9,10.53,success
1358,Alpha,notifications,baja,5.65,3.29,77,2,88.8,4.87,success
1826,Beta,api,baja,18.8,4.43,167,0,87.6,31.07,success
787,Delta,notifications,baja,7.07,4.04,60,0,86.3,11.18,success
470,Beta,auth,alta,10.05,4.13,68,0,85.9,4.43,success
141,Beta,search,alta,12.28,4.53,71,0,86.7,5.62,success
789,Beta,payments,alta,11.92,4.11,34,2,74.6,8.2,success
324,Gamma,notifications,baja,12.53,4.29,201,0,76.7,9.42,success
51,Alpha,search,media,3.73,3.34,182,0,88.6,5.58,success
715,Beta,notifications,media,5.16,2.23,55,1,79.1,5.63,rolled_back
4756,Delta,notifications,media,5.45,3.88,179,1,95.1,10.37,success
2841,Alpha,ui,baja,11.15,8.11,163,0,77.9,8.96,success
2447,Alpha,auth,baja,25.16,1.92,21,0,75.6,20.02,success
4822,Beta,api,media,3.56,3.84,115,1,86.6,6.38,success
4428,Delta,notifications,baja,5.32,3.84,151,2,97.3,26.88,success
4605,Gamma,payments,media,15.08,4.59,186,1,93.5,2.53,success
3734,Alpha,ui,media,10.42,4.73,230,1,88.6,9.52,success
2667,Beta,search,alta,5.03,1.97,128,0,85.9,9.87,success
407,Alpha,search,media,9.14,3.42,157,1,97.6,4.65,success
3373,Alpha,ui,alta,8.13,3.79,127,0,87.9,2.23,success
1005,Alpha,api,media,13.31,4.76,129,1,87.3,4.44,success
3019,Delta,payments,media,8.83,4.74,52,0,91.6,2.17,success
891,Alpha,ui,alta,10.29,7.4,256,2,79.0,1.92,failed
2412,Gamma,api,critica,6.98,7.18,212,3,84.2,1.6,success
2546,Gamma,notifications,media,16.58,5.91,83,1,93.6,9.75,success
4120,Beta,auth,baja,6.54,3.25,228,1,69.8,4.92,success
2391,Alpha,payments,critica,6.31,4.2,434,2,86.8,8.48,failed
3956,Gamma,api,baja,7.16,4.92,52,1,89.6,41.78,success
43,Gamma,api,media,7.61,3.75,200,2,65.4,4.1,success
2831,Alpha,ui,media,5.08,4.56,80,1,88.4,3.76,success
3324,Gamma,auth,baja,8.57,4.36,130,1,93.3,4.63,success
304,Beta,api,media,9.17,2.55,280,3,79.3,19.97,success
4522,Beta,api,baja,6.14,4.66,319,1,79.0,6.69,failed
4191,Beta,api,alta,5.37,4.76,376,1,,2.18,success
665,Alpha,auth,baja,4.8,2.02,27,0,84.1,15.45,success
1178,Delta,auth,alta,6.1,6.82,140,2,92.8,5.62,success
2677,Gamma,ui,media,7.41,5.03,45,0,83.8,4.64,success
1948,Beta,ui,baja,8.82,7.07,97,0,87.3,4.95,success
2502,Gamma,ui,critica,9.18,2.18,229,1,77.3,5.22,success
1474,Beta,payments,baja,7.51,3.73,76,0,97.5,5.23,success
3498,Delta,notifications,critica,6.52,4.77,160,2,87.3,5.3,success
3535,Alpha,ui,media,5.85,7.35,143,0,79.8,4.5,success
2133,Delta,notifications,alta,13.55,2.85,283,4,91.9,4.41,success
1027,Gamma,notifications,critica,8.32,4.52,500,6,73.1,7.62,success
962,Delta,search,baja,12.96,2.84,41,0,89.4,18.19,success
2890,Gamma,notifications,baja,4.59,2.32,12,0,92.6,3.26,success
4634,Beta,auth,baja,6.17,,45,0,95.2,19.25,success
2010,Beta,auth,media,5.32,5.44,101,0,87.3,15.68,success
2150,Alpha,notifications,media,5.82,3.65,98,0,76.9,7.82,success
3337,Alpha,api,baja,5.05,3.88,47,0,81.8,11.17,success
2339,Beta,auth,baja,9.3,2.2,21,0,91.1,6.88,success
3904,Alpha,api,baja,9.72,4.24,172,2,80.7,38.58,success
305,Beta,auth,media,5.02,3.24,85,0,88.9,28.45,success
1441,Delta,ui,media,3.42,3.23,19,0,62.3,8.47,success
1497,Alpha,auth,baja,5.55,4.62,82,1,85.2,9.62,success
2653,Delta,api,media,7.07,7.16,282,2,77.7,6.01,success
2876,Beta,ui,baja,12.45,3.43,180,1,87.7,14.96,success
917,Beta,api,baja,4.8,2.63,45,0,83.9,14.17,success
4190,Beta,search,media,16.31,3.71,41,0,97.6,3.1,success
4676,Beta,api,critica,4.64,4.62,72,1,90.2,1.48,success
2773,Gamma,api,baja,6.05,2.85,171,1,85.0,14.16,success
1625,Delta,api,baja,5.72,1.74,245,1,80.9,15.13,success
3853,Beta,payments,baja,2.16,2.55,75,1,80.3,1.67,success
822,Delta,auth,baja,9.52,2.19,228,1,95.4,6.08,success
3314,Delta,ui,critica,5.98,2.34,85,0,89.9,1.51,success
1355,Beta,ui,alta,7.75,3.57,701,5,88.6,14.75,rolled_back
4506,Alpha,payments,alta,7.89,4.07,126,2,87.8,2.38,success
851,Alpha,search,media,10.13,2.54,143,0,86.6,14.09,success
1001,Delta,auth,media,11.86,3.66,226,1,97.6,,success
3615,Gamma,payments,media,10.59,3.06,44,0,97.4,5.54,success
19,Alpha,search,alta,5.65,5.47,154,0,92.3,2.27,success
1638,Alpha,auth,baja,8.16,3.54,49,0,91.2,7.42,success
1668,Beta,api,alta,12.36,2.24,142,1,93.4,3.84,success
494,Delta,auth,baja,4.93,2.35,13,1,88.1,9.59,success
1348,Delta,payments,baja,4.09,6.59,222,0,91.7,3.23,success
3743,Alpha,ui,media,3.15,4.84,136,2,56.5,10.61,failed
3269,Alpha,api,critica,7.18,4.43,122,1,88.0,3.51,success
4948,Beta,search,alta,9.73,2.91,129,3,77.8,3.93,success
4869,Alpha,search,media,13.7,5.24,352,4,81.1,13.48,rolled_back
688,Delta,auth,media,7.86,5.14,160,0,78.3,27.71,success
4598,Alpha,payments,media,7.01,2.93,92,1,71.7,2.99,success
1609,Beta,ui,alta,15.41,4.62,16,1,95.1,4.11,success
4099,Delta,ui,alta,5.86,6.61,94,1,90.1,6.48,success
3613,Alpha,search,baja,5.7,3.49,20,0,89.7,15.32,success
1010,Delta,search,media,7.74,4.12,91,0,95.5,5.49,success
2409,Beta,api,alta,8.75,3.04,168,4,81.4,9.08,failed
1093,Gamma,auth,media,7.08,1.53,246,0,94.3,5.24,success
1328,Beta,auth,baja,5.27,3.02,198,2,81.1,23.09,success
1678,Gamma,ui,media,9.94,4.15,579,0,80.6,5.34,success
2000,Alpha,notifications,baja,8.76,3.9,72,0,83.6,16.09,success
1311,Beta,ui,alta,16.27,4.04,31,1,84.2,4.48,success
3272,Delta,search,media,10.39,3.5,196,0,78.9,13.08,success
1988,Alpha,ui,alta,5.33,3.55,131,2,85.1,6.57,success
3761,Alpha,ui,alta,9.38,2.62,273,2,85.4,3.95,success
345,Beta,payments,baja,20.39,3.5,331,0,92.7,9.03,success
4194,Beta,notifications,media,7.95,2.58,215,2,82.3,3.28,success
987,Beta,auth,baja,5.17,2.98,105,0,91.4,2.42,success
3867,Beta,api,baja,8.3,3.92,49,0,89.5,11.32,success
3823,Delta,api,critica,3.24,4.59,127,3,70.6,2.31,failed
4321,Beta,api,media,9.42,2.73,51,1,59.4,3.68,success
4018,Delta,payments,alta,4.7,2.75,118,1,91.0,7.6,success
3404,Alpha,notifications,baja,3.93,3.31,39,0,91.6,9.95,success
3044,Delta,search,media,10.42,1.86,27,1,87.0,2.8,success
1143,Alpha,api,media,8.21,2.06,159,1,90.3,5.05,success
2359,Beta,auth,baja,6.77,3.24,141,0,90.1,17.11,failed
1199,Beta,notifications,baja,11.61,2.03,59,1,94.3,8.21,success
86,Delta,notifications,baja,5.56,3.22,258,0,80.9,16.09,success
1519,Delta,notifications,baja,7.59,1.99,60,1,87.5,11.64,success
517,Alpha,notifications,media,8.41,2.84,211,1,88.2,2.15,success
1382,Delta,api,alta,21.71,4.71,207,2,91.3,16.22,success
2717,Delta,payments,media,5.05,1.91,64,1,81.6,6.22,success
3098,Gamma,api,media,3.93,3.46,117,0,79.3,6.46,success
1015,Gamma,ui, media,9.95,,92,1,88.8,11.22,success
129,Beta,auth,media,5.49,5.1,80,0,85.2,12.08,success
1365,Alpha,search,media,4.37,4.55,87,0,88.0,2.38,success
3639,Delta,api,baja,7.44,2.1,49,1,92.0,7.05,success
3138,Gamma,api,baja,5.08,4.55,73,0,84.2,2.67,success
892,Delta,api,baja,9.42,3.07,99,2,67.5,2.52,success
2794,Alpha,payments,alta,5.61,2.31,56,1,,12.53,success
4216,Delta,ui,media,5.26,2.77,229,2,86.2,7.48,success
1360,Delta,search,critica,18.15,4.01,105,1,70.6,1.3,success
308,Delta,auth,baja,9.84,4.28,119,0,97.1,16.37,success
1662,Beta,auth,media,5.61,2.33,48,0,97.8,1.77,success
2432,Gamma,auth,critica,5.8,3.15,378,1,87.8,6.15,success
3950,Alpha,notifications,media,6.14,4.12,127,1,82.7,11.61,failed
1318,Alpha,api,baja,10.06,3.1,330,0,85.7,7.25,success
4312,Delta,ui,alta,8.12,1.66,209,0,90.5,6.02,success
2475,Alpha,auth,media,10.12,4.1,156,1,90.6,13.01,success
2543,Beta,auth,media,5.92,3.92,11,0,89.0,11.11,success
1247,Delta,notifications,baja,5.65,3.05,202,4,86.0,19.03,failed
1209,Delta,ui,alta,4.2,2.0,306,3,90.1,2.7,success
217,Alpha,notifications,alta,8.49,4.36,97,1,94.2,5.19,failed
4359,Alpha,auth,baja,6.84,3.7,162,1,77.6,2.42,success
3076,Gamma,api,media,5.05,4.53,143,0,92.9,7.0,success
1240,Gamma,notifications,baja,5.41,2.39,96,1,95.3,27.14,success
2290,Beta,notifications,media,8.85,1.86,51,0,76.4,9.83,success
2741,Alpha,auth,media,5.49,2.73,262,2,87.7,8.24,success
276,Alpha,payments,baja,6.67,3.64,184,0,84.6,14.84,success
490,Delta,ui,alta,2.07,2.52,258,0,75.8,9.17,success
1036,Delta,api,baja,9.81,3.22,28,0,91.7,4.88,success
1230,Alpha,notifications,media,11.68,4.7,80,1,95.0,12.16,success
4594,Beta,api,alta,4.08,1.47,250,2,82.5,2.31,success
1009,Alpha,auth,alta,4.02,5.86,93,1,68.6,5.24,rolled_back
4073,Delta,payments,media,5.45,2.5,290,2,,4.06,success
3136,Gamma,search,media,12.39,3.61,106,0,94.2,12.22,success
3538,Gamma,payments,baja,6.54,2.21,113,1,88.3,5.79,success
2533,Alpha,notifications,media,13.23,3.98,213,7,94.5,27.78,success
4177,Gamma,api,media,9.39,9.11,104,1,93.0,8.35,success
1059,Gamma,ui,critica,10.3,2.63,215,2,92.9,4.5,success
2167,Alpha,api,media,8.3,2.03,254,2,93.7,16.98,success
3387,Alpha,search,baja,6.3,3.86,51,0,66.9,10.73,success
282,Alpha,notifications,media,10.84,7.03,82,2,81.6,4.65,success
3581,Delta,ui,baja,12.44,2.6,326,1,81.1,5.72,success
1317,Beta,ui,baja,4.42,5.07,163,2,87.9,2.71,success
4987,Delta,ui,media,9.72,3.13,68,0,72.8,10.82,success
969,Alpha,auth,media,3.95,2.77,91,0,67.0,7.54,success
3140,Delta,auth,alta,8.32,4.38,94,2,93.1,12.95,success
3936,Gamma,payments,baja,13.66,4.53,206,0,90.7,16.84,success
3180,Alpha,auth,alta,8.21,4.81,69,0,87.0,6.89,success
4119,Delta,payments,media,11.3,3.95,108,0,94.6,8.49,success
620,Alpha,auth,media,4.35,2.53,109,2,91.1,9.82,success
3248,Gamma,ui,baja,9.28,3.98,262,1,86.4,5.77,success
1743,Beta,ui,media,2.19,5.25,344,1,84.0,,failed
1391,Gamma,api,alta,10.09,4.4,55,1,85.9,3.06,success
4066,Alpha,api,media,7.1,5.0,140,2,80.2,15.69,failed
1848,Delta,payments,media,2.66,2.68,194,2,88.6,8.22,success
1580,Beta,search,media,5.86,5.36,150,0,72.5,7.31,success
1656,Gamma,auth,baja,8.35,3.32,89,1,77.0,24.19,success
2353,Alpha,payments,alta,5.51,3.04,162,0,83.2,6.72,success
2213,Gamma,auth,media,7.03,3.88,81,0,97.3,10.22,success
2021,Alpha,payments,media,14.08,2.56,111,1,87.8,7.28,success
4981,Alpha,ui,baja,5.9,4.73,154,0,85.9,5.31,success
1957,Gamma,api,alta,8.57,2.63,196,2,83.8,10.89,success
1308,Beta,api,critica,10.24,5.75,73,0,92.1,3.03,success
2004,Gamma,ui,critica,5.7,3.84,129,3,64.4,1.32,success
4464,Gamma,search,media,8.78,2.91,62,0,64.0,3.46,success
576,Delta,api,media,20.39,2.63,192,0,84.1,3.77,success
2361,Alpha,ui,baja,3.07,3.01,14,0,87.0,9.66,success
4210,Gamma,api,media,14.49,3.24,272,1,78.8,5.11,success
4445,Alpha,api,critica,1.85,4.31,205,1,81.1,2.6,failed
1707,Alpha,notifications,critica,2.13,1.64,21,1,90.7,8.85,success
3758,Beta,api,baja,11.94,2.76,120,0,82.0,6.2,success
3485,Delta,payments,alta,7.41,1.93,55,1,79.6,7.08,success
1281,Gamma,ui,media,6.97,,390,2,78.9,9.78,success
862,Alpha,auth,baja,3.65,2.87,110,0,78.4,5.79,success
4153,Beta,ui,media,7.54,2.86,77,0,88.6,25.32,success
1802,Beta,ui,critica,28.17,3.08,45,0,86.2,1.57,failed
1629,Gamma,auth,media,13.24,2.5,152,1,70.3,13.99,success
1994,Alpha,payments,media,4.26,2.63,213,2,63.3,2.09,success
2640,Beta,ui,media,9.07,4.31,66,0,89.4,8.07,success
270,Gamma,payments,media,10.61,4.05,155,1,80.6,14.51,success
630,Alpha,payments,baja,7.84,2.17,81,0,95.3,6.82,success
3082,Alpha,notifications,media,7.1,2.65,80,1,92.5,22.15,success
2335,Gamma,ui,media,8.73,3.44,43,0,82.1,13.43,success
2967,Gamma,auth,alta,13.62,4.01,32,0,81.9,9.45,success
301,Alpha,search,media,15.93,4.26,176,0,96.9,7.44,success
460,Beta,notifications,media,6.09,3.32,390,3,92.4,8.78,success
1448,Beta,ui,media,10.06,3.64,84,0,95.6,2.84,success
1473,Beta,api,alta,17.39,1.22,146,0,86.6,8.42,success
2047,Gamma,api,critica,6.2,2.13,411,1,66.6,4.12,success
4236,Alpha,ui,baja,7.76,3.17,75,0,,4.55,success
3780,Beta,auth,baja,5.21,4.7,124,0,80.3,14.98,success
2114,Delta,ui,media,6.03,3.91,90,2,96.3,5.17,success
28,Beta,notifications,baja,7.85,1.77,42,0,88.6,7.09,success
4670,Alpha,ui,baja,6.35,3.85,83,0,76.9,6.53,success
4531,Beta,search,media,3.5,3.1,184,0,75.5,4.85,success
838,Alpha,api,critica,3.3,3.29,136,2,82.9,5.83,success
3842,Alpha,api,media,6.53,5.95,9,0,95.0,1.8,success
2009,Delta,auth,baja,9.26,6.52,120,0,86.6,21.72,success
4916,Alpha,payments,alta,4.11,3.7,177,2,67.1,1.35,success
504,Beta,api,alta,10.79,2.19,239,1,92.4,12.25,success
3808,Gamma,notifications,alta,7.78,4.67,67,0,72.5,5.92,success
4785,Alpha,notifications,media,12.01,3.85,233,5,80.7,6.9,success
381,Delta,payments,alta,10.07,4.54,426,5,,2.84,rolled_back
1852,Alpha,notifications,baja,11.43,3.52,56,0,83.5,8.05,success
1526,Delta,ui,critica,28.81,4.86,176,0,97.7,2.77,success
2366,Alpha,notifications,baja,12.67,,79,0,84.3,6.02,success
3976,Delta,search,media,6.64,1.61,12,1,85.1,7.05,success
3053,Beta,ui,baja,7.49,4.05,64,0,91.9,10.39,success
2885,Gamma,auth,baja,9.57,1.43,77,0,91.5,37.59,success
2341,Alpha,ui,baja,4.56,2.03,271,1,72.7,9.19,success
375,Alpha,api,media,4.9,,171,1,78.4,5.33,success
3274,Alpha,ui,baja,8.42,3.7,97,0,93.1,,success
2382,Delta,search,baja,6.47,2.2,167,0,95.5,18.28,success
4318,Beta,api,baja,5.67,4.0,17,0,71.4,3.87,success
940,Alpha,api,alta,4.81,4.64,447,1,78.1,18.32,failed
3866,Delta,notifications,media,9.38,4.66,207,2,89.6,11.19,success
4173,Delta,payments, media,6.65,3.53,372,1,89.1,4.72,success
2800,Beta,api,critica,10.14,1.69,271,3,90.8,7.66,success
2148,Gamma,auth,critica,7.28,2.62,218,3,74.3,3.49,failed
3833,Beta,api,media,4.36,2.42,73,0,73.9,1.55,success
4623,Delta,notifications,media,9.17,5.38,50,0,92.1,9.03,success
4224,Gamma,ui,baja,11.33,2.66,131,1,92.1,10.18,success
2069,Delta,auth,media,12.37,5.4,105,2,82.7,3.3,success
530,Beta,api,media,7.83,,179,2,90.1,9.63,success
3746,Beta,payments,critica,8.73,5.18,65,3,81.9,,success
637,Gamma,notifications,media,5.29,5.58,103,1,95.5,1.81,success
1270,Alpha,auth,alta,5.64,2.55,144,2,,8.27,success
186,Alpha,notifications,baja,13.47,5.85,210,0,93.2,13.16,success
3834,Delta,api,baja,5.58,3.67,117,0,86.2,20.61,success
3193,Beta,auth,media,4.77,5.61,65,0,80.5,14.06,success
3468,Beta,search,baja,4.96,3.35,26,0,76.7,6.56,success
1798,Alpha,notifications,media,6.94,4.07,136,0,91.1,3.89,success
2980,Gamma,ui,baja,10.39,2.6,36,0,78.0,6.25,success
1442,Delta,api,alta,17.14,,89,0,70.2,6.43,success
4472,Alpha,payments,critica,9.07,6.02,448,5,87.2,5.59,success
4883,Beta,notifications,alta,14.06,2.13,326,0,75.5,2.4,success
1536,Beta,payments,critica,4.27,1.86,310,0,77.8,4.11,success
3457,Beta,api,baja,8.06,4.25,58,0,78.8,7.18,success
1274,Delta,auth,media,6.91,4.33,285,2,75.5,3.03,success
2468,Gamma,api,alta,14.09,3.29,94,1,92.3,1.17,success
608,Gamma,notifications,media,6.99,4.96,40,0,91.4,4.75,success
3401,Alpha,auth,media,5.62,5.68,73,0,96.0,6.97,success
1713,Beta,notifications,baja,2.94,1.71,46,0,88.1,10.57,success
2200,Delta,api,baja,7.78,8.94,493,4,92.8,22.71,failed
956,Gamma,payments,baja,7.2,4.08,79,0,77.1,7.46,success
2580,Beta,api,media,7.97,3.14,183,0,88.9,3.13,success
3913,Beta,api,baja,12.73,3.41,185,0,92.4,19.07,success
4769,Delta,auth,media,4.6,4.79,162,0,88.5,4.43,success
3394,Alpha,payments,alta,5.1,2.13,61,1,82.4,4.48,success
3865,Delta,ui,alta,4.62,1.41,44,2,89.0,3.21,success
404,Delta,api,media,30.73,1.96,285,2,57.2,3.2,rolled_back
2072,Alpha,auth,media,5.76,5.63,46,1,84.8,5.4,failed
4764,Beta,notifications,media,4.39,4.75,60,0,72.2,4.44,success
1978,Gamma,notifications,media,6.6,1.09,70,0,94.2,4.44,success
159,Gamma,notifications,baja,10.64,3.45,179,1,82.8,24.31,success
1749,Delta,payments,baja,5.8,6.21,146,0,93.0,4.33,success
2910,Alpha,payments,media,6.46,3.37,259,1,93.4,7.07,success
3549,Gamma,api,critica,4.4,3.54,145,1,75.4,3.21,success
903,Beta,search,baja,8.63,2.16,171,0,92.7,6.15,success
353,Gamma,payments,media,10.5,9.89,92,2,82.9,2.38,success
1231,Beta,search,baja,9.14,3.98,181,0,80.6,6.76,success
4679,Delta,ui,baja,7.52,3.25,87,1,85.1,3.49,success
2141,Alpha,api,media,5.84,5.51,42,0,92.8,4.33,success
445,Gamma,notifications,media,10.11,3.71,46,0,83.6,6.42,success
4957,Beta,auth,media,5.42,3.91,116,0,95.9,7.32,success
755,Beta,api,media,24.64,4.94,16,0,84.3,5.04,success
1738,Gamma,payments,baja,10.75,3.92,11,0,81.2,5.72,success
2972,Gamma,ui,media,8.75,3.1,309,1,85.4,2.58,success
4988,Beta,ui,alta,10.79,3.38,198,0,92.6,11.14,success
2921,Gamma,api,baja,12.03,2.47,88,1,83.4,22.21,success
312,Delta,ui,media,3.74,3.62,176,0,91.3,21.31,success
549,Gamma,api,baja,7.72,4.29,179,0,73.7,4.85,success
4763,Gamma,ui,alta,12.59,,337,1,83.1,3.7,success
4770,Alpha,api,baja,7.82,2.82,81,0,97.5,7.42,success
1990,Gamma,notifications,media,12.53,2.57,198,1,79.0,15.82,success
307,Beta,auth,baja,7.3,3.39,216,5,94.9,3.21,success
2336,Alpha,payments,baja,10.93,1.7,140,1,68.2,9.12,success
695,Alpha,payments,critica,13.97,2.59,313,5,66.7,1.47,success
2357,Beta,notifications,alta,3.52,2.88,158,2,93.5,11.08,success
1928,Beta,api,baja,6.41,3.62,265,2,76.8,7.65,success
685,Delta,ui,media,10.69,5.17,71,1,70.4,21.17,success
750,Alpha,api,media,5.79,1.64,295,2,84.2,7.37,success
3260,Alpha,auth,alta,5.07,2.1,126,0,95.4,3.75,success
1267,Gamma,api,baja,7.75,2.5,58,0,87.0,3.36,success
3299,Beta,search,baja,7.33,3.39,6,2,79.3,9.97,failed
3544,Alpha,search,baja,4.92,1.97,54,0,87.1,10.11,success
4432,Gamma,api,baja,4.2,2.86,58,0,74.3,3.64,success
4000,Alpha,payments,baja,15.16,10.14,110,0,71.4,2.63,success
3084,Delta,notifications,media,4.51,2.71,62,1,75.6,3.35,success
3062,Beta,auth,media,9.31,3.79,131,0,93.1,8.34,success
3026,Beta,payments,baja,13.1,4.64,280,3,75.2,11.99,success
971,Gamma,ui,media,5.39,7.7,292,4,84.3,7.33,success
14,Alpha,ui,alta,5.57,5.14,70,1,82.3,5.01,success
874,Delta,api,baja,6.08,1.58,414,0,91.9,10.59,success
809,Alpha,notifications,media,4.32,3.52,171,2,81.5,10.36,success
3199,Alpha,ui,alta,7.76,5.7,95,0,91.7,5.08,success
515,Beta,ui,baja,10.34,,186,1,77.1,20.85,success
4481,Delta,auth,media,8.5,4.98,73,0,80.1,18.78,success
410,Alpha,search,media,5.42,1.23,125,1,91.6,2.35,success
4272,Beta,payments,baja,3.26,3.43,105,2,78.4,14.84,success
4351,Beta,ui,media,7.77,2.57,87,1,75.8,18.87,success
208,Beta,search,baja,3.6,3.0,266,0,62.7,18.96,success
4509,Delta,payments,baja,6.97,4.0,79,1,77.2,4.26,rolled_back
459,Beta,auth,alta,4.16,5.26,307,3,69.8,7.53,success
3486,Alpha,auth,alta,4.32,3.87,53,1,92.5,2.6,success
2431,Gamma,notifications,baja,12.0,4.21,181,3,76.7,4.4,success
4641,Beta,notifications,media,6.79,3.1,53,0,76.9,5.62,success
111,Alpha,ui,alta,10.15,,228,3,92.1,6.45,success
3762,Beta,payments,baja,7.93,9.91,155,0,93.8,4.42,success
4060,Beta,payments,baja,6.91,2.53,346,2,74.4,13.68,success
1884,Beta,auth,media,5.86,5.1,150,0,89.0,3.82,success
1714,Alpha,search,critica,8.46,4.08,157,0,94.8,4.42,success
3974,Alpha,search,baja,6.73,4.97,120,2,72.5,8.76,failed
3413,Gamma,search,baja,6.5,4.68,117,0,91.2,10.59,success
553,Gamma,payments,critica,8.4,3.75,203,2,79.9,2.0,success
1440,Gamma,ui,media,16.47,4.04,134,1,84.5,31.7,success
2271,Gamma,payments,media,5.44,3.77,293,3,94.8,4.6,rolled_back
3145,Alpha,notifications,baja,2.64,7.78,64,0,97.6,14.05,success
2822,Alpha,api,alta,5.66,3.74,364,1,76.8,11.54,success
4790,Alpha,search,alta,5.79,2.13,208,1,81.0,1.62,success
1926,Beta,payments,baja,5.8,4.66,48,0,81.1,6.57,success
635,Delta,payments,alta,13.15,2.18,131,1,90.2,3.94,success
4814,Beta,api,media,10.25,2.55,43,0,89.4,9.04,success
317,Alpha,api,baja,13.72,2.9,80,0,71.7,4.76,success
4225,Beta,ui,baja,5.74,3.56,263,2,93.2,,success
4708,Beta,ui,baja,11.91,2.2,162,1,82.6,14.92,success
1329,Alpha,payments,alta,3.58,2.49,159,1,78.1,13.76,success
428,Beta,auth,media,9.1,3.61,183,0,92.6,8.9,success
3528,Alpha,payments,media,6.27,5.06,154,1,86.4,25.35,success
106,Alpha,notifications,critica,14.56,2.76,393,3,79.0,3.79,success
3042,Delta,payments,media,5.66,6.55,83,2,79.6,7.71,success
143,Delta,notifications,baja,7.36,1.69,202,1,77.6,2.54,success
2170,Beta,auth,baja,13.89,4.82,119,1,77.4,5.6,success
3389,Gamma,search,alta,10.41,4.88,245,1,92.6,14.33,success
90,Alpha,ui,media,5.27,3.78,121,2,87.8,23.15,success
2919,Gamma,ui,baja,8.01,2.8,68,0,92.7,7.24,success
3238,Gamma,payments,alta,8.91,,90,1,79.1,14.24,success
2242,Beta,notifications,media,8.39,1.99,85,0,71.1,12.14,success
3175,Gamma,notifications,baja,4.52,3.54,83,1,76.8,8.06,success
3426,Delta,search,alta,3.25,3.37,90,1,78.1,2.09,success
2164,Beta,auth,media,4.5,1.63,326,1,76.5,1.88,success
2637,Alpha,notifications,alta,4.39,4.81,102,0,81.8,7.35,success
1950,Alpha,payments,alta,5.93,5.51,72,1,79.8,5.86,success
1769,Gamma,ui,media,13.71,2.9,327,1,69.6,12.95,success
3297,Beta,payments,critica,5.28,2.14,356,1,81.9,3.17,success
2273,Alpha,auth,media,4.4,3.47,64,0,91.0,4.81,success
2,Beta,auth,media,5.64,3.69,38,3,91.3,10.06,success
3296,Alpha,payments,media,6.95,,302,4,82.3,8.56,success
4966,Alpha,auth,media,9.58,4.69,113,1,78.4,12.38,success
1952,Beta,api,critica,9.68,3.45,241,1,91.0,1.97,success
936,Beta,auth,media,4.15,1.64,53,0,98.1,1.98,success
4305,Gamma,ui,baja,8.4,1.84,51,0,84.9,8.83,success
2721,Gamma,notifications,baja,9.2,3.16,385,0,72.7,5.13,success
3642,Alpha,payments,alta,5.29,4.5,62,0,93.4,5.27,success
1110,Alpha,payments,baja,10.19,2.97,193,2,86.6,8.08,success
4898,Alpha,payments,media,4.87,3.42,94,0,91.6,6.77,success
592,Beta,auth,media,12.45,6.2,191,1,96.7,9.34,success
1696,Gamma,notifications,baja,24.28,3.61,71,0,79.9,9.52,success
3464,Alpha,search,media,3.54,5.32,144,1,75.3,2.9,success
2937,Alpha,api,baja,10.06,2.96,87,1,92.1,4.72,success
4212,Delta,auth,baja,11.93,4.14,87,2,80.9,5.51,success
3425,Gamma,api,baja,8.25,4.28,174,0,97.0,4.67,success
1577,Beta,ui,media,11.58,2.96,164,2,82.6,11.37,success
4586,Beta,auth,alta,7.29,2.96,8,0,76.8,4.51,success
214,Gamma,payments,alta,5.38,5.8,24,1,75.7,3.51,success
779,Beta,search,media,7.34,5.17,62,0,81.0,14.93,success
1416,Delta,search,critica,2.87,6.19,255,0,83.9,12.09,success
3775,Gamma,notifications,critica,6.07,2.95,109,2,90.2,4.4,success
2044,Gamma,auth,media,10.35,6.55,30,0,89.9,3.61,success
2849,Beta,notifications,alta,3.86,4.3,397,2,79.4,4.09,success
4546,Alpha,search,media,3.01,3.87,260,1,89.1,7.66,success
3520,Alpha,notifications,media,3.59,6.82,102,0,91.5,4.06,success
3829,Gamma,notifications,media,18.12,7.7,81,0,97.0,9.14,success
1568,Alpha,ui,media,12.69,4.54,166,2,94.1,13.77,success
166,Delta,search,media,5.26,2.58,82,1,89.0,21.75,failed
4723,Alpha,auth,media,7.32,2.03,106,0,87.2,14.67,success
3693,Alpha,auth,baja,10.62,2.83,437,3,72.3,15.82,success
4935,Delta,api,media,5.38,2.02,106,1,92.8,10.37,success
1344,Gamma,auth,media,5.59,3.64,166,0,80.0,1.91,success
2014,Alpha,payments,media,10.18,8.08,16,0,85.6,7.93,success
274,Beta,api,media,15.72,2.88,282,1,90.8,6.48,success
72,Alpha,ui,critica,5.93,2.77,65,2,68.2,5.68,success
3903,Gamma,search,critica,8.26,3.28,176,0,91.7,2.19,success
1088,Alpha,ui,baja,6.65,2.73,34,0,62.1,26.02,success
395,Gamma,api,media,9.86,2.42,290,1,81.6,5.11,success
584,Alpha,notifications,baja,3.46,3.7,106,0,75.5,7.73,success
1368,Gamma,api,baja,17.4,3.44,313,1,81.7,25.53,success
4996,Gamma,search,baja,5.04,3.03,82,0,94.4,2.31,success
4651,Alpha,api,baja,11.04,3.02,145,0,89.5,5.75,success
2549,Alpha,api,critica,10.66,3.01,240,2,90.6,4.33,success
1014,Alpha,notifications,alta,7.19,4.74,287,3,78.0,6.05,success
4906,Delta,notifications,baja,7.31,2.09,139,1,93.6,8.58,success
3004,Delta,payments,media,10.92,1.96,90,0,94.1,6.33,success
4797,Gamma,payments,baja,6.64,3.37,103,0,89.7,8.21,success
4016,Beta,payments,alta,7.3,2.54,93,4,69.4,5.64,success
4602,Beta,ui,baja,5.14,4.66,13,0,75.9,32.68,success
1764,Delta,payments,critica,7.67,4.87,120,1,90.8,2.21,success
1876,Alpha,auth,baja,8.83,6.53,143,2,71.8,,success
1260,Gamma,api,alta,12.35,5.01,62,2,77.3,6.05,rolled_back
4539,Alpha,auth,media,10.04,2.4,350,1,89.9,13.24,success
2254,Beta,payments,baja,4.16,1.75,165,1,82.1,7.57,success
2782,Delta,payments,media,9.11,4.15,96,0,84.5,9.91,success
3608,Alpha,api,media,5.17,,51,0,80.1,4.25,success
527,Alpha,payments,media,5.9,3.72,181,0,83.4,9.24,success
3435,Gamma,auth,critica,14.55,3.41,73,0,95.3,3.47,success
2947,Gamma,payments,critica,8.29,4.65,536,1,94.2,11.26,success
378,Delta,notifications,media,5.38,1.65,80,0,92.7,4.48,success
1560,Beta,auth,media,7.97,1.98,70,0,82.8,8.44,success
3836,Alpha,api,critica,3.35,3.15,165,3,83.7,3.9,success
1964,Alpha,auth,critica,9.9,2.64,319,0,94.5,2.63,success
4741,Beta,ui,baja,9.32,2.6,164,0,86.9,2.64,success
349,Gamma,api,media,11.19,3.06,271,3,77.0,8.25,success
2435,Delta,search,alta,6.32,5.35,81,0,83.5,6.18,success
2247,Beta,ui,critica,4.42,2.04,91,1,80.7,1.82,success
4174,Beta,api,baja,9.54,1.79,79,2,74.8,7.84,success
1710,Delta,api,alta,8.77,4.71,54,0,87.6,2.92,success
1051,Gamma,notifications,alta,8.18,4.2,316,4,66.8,13.08,success
591,Alpha,api,media,4.29,2.76,111,0,92.0,2.07,success
520,Beta,auth,media,11.01,4.19,35,0,79.0,43.55,success
4502,Alpha,api,alta,4.5,2.79,302,2,90.9,2.48,failed
4131,Gamma,payments,media,4.56,2.71,53,1,91.3,10.99,success
2478,Delta,api,baja,8.24,4.67,46,0,,6.3,success
1084,Alpha,search,baja,2.91,3.22,306,2,85.7,5.28,failed
3604,Gamma,search,media,5.01,5.86,53,0,86.1,5.9,success
4787,Delta,ui,critica,7.67,2.39,168,1,78.6,3.75,success
4518,Alpha,notifications,alta,5.86,4.53,91,0,,8.29,success
1295,Alpha,notifications,media,4.48,7.58,132,0,94.1,3.43,success
1810,Alpha,api,alta,9.42,2.14,408,0,,5.47,success
792,Alpha,api,baja,17.61,5.26,11,0,93.3,6.91,success
793,Beta,notifications,media,7.77,2.34,142,1,90.3,13.52,success
4122,Delta,ui,media,10.33,4.48,34,0,90.5,3.91,success
1856,Beta,search,critica,6.72,3.58,64,2,87.3,2.95,success
4766,Beta,ui,critica,5.39,2.2,168,1,71.4,1.41,success
1981,Delta,ui,baja,11.48,3.49,102,1,85.0,18.45,success
3234,Alpha,notifications,media,3.8,2.74,130,0,94.8,1.88,success
4776,Delta,ui,baja,6.74,4.26,101,0,90.2,13.18,success
3399,Gamma,search,media,3.14,4.75,197,1,97.7,5.44,success
3329,Gamma,api,alta,10.02,2.12,24,0,90.0,8.68,success
1531,Gamma,payments,alta,11.83,3.81,34,1,77.4,2.84,success
1411,Alpha,auth,alta,4.9,3.95,139,1,73.1,3.79,success
4303,Alpha,search,media,8.5,4.07,84,0,93.0,13.33,success
4657,Alpha,payments,alta,7.25,2.89,149,1,77.9,4.88,success
84,Delta,payments,media,8.18,3.2,472,3,85.4,13.71,success
869,Alpha,notifications,alta,7.6,3.69,81,1,75.7,2.49,success
2351,Gamma,payments,baja,18.51,4.43,83,0,85.7,13.53,success
21,Alpha,ui,media,6.04,3.03,156,2,82.5,11.93,success
3438,Beta,ui,media,12.39,4.44,262,1,86.3,4.38,success
2796,Alpha,api,media,5.79,3.64,79,2,81.2,8.85,success
4581,Gamma,notifications,baja,9.75,3.99,110,0,82.4,3.99,success
1563,Gamma,ui,baja,13.24,3.38,105,0,96.2,19.05,success
3094,Alpha,auth,media,9.2,3.78,221,0,94.9,4.33,success
3156,Beta,payments,media,5.72,,236,3,70.8,5.15,success
974,Delta,ui,baja,2.59,5.51,5,0,91.9,38.28,success
1711,Gamma,api,media,7.87,2.62,71,0,82.9,3.53,success
3202,Beta,notifications,alta,8.17,2.16,216,1,93.1,6.55,success
3997,Delta,notifications,baja,9.62,4.22,261,1,95.6,8.03,success
4828,Alpha,api,media,6.69,2.55,19,0,93.0,7.26,success
1099,Beta,ui,baja,11.57,1.92,47,2,79.3,2.49,success
4169,Beta,api,alta,10.3,4.21,24,1,80.3,2.04,success
2845,Alpha,search,alta,11.11,2.84,53,1,90.2,3.74,success
887,Gamma,search,media,8.22,2.86,96,0,81.3,12.69,success
4940,Beta,ui,critica,4.21,3.93,179,0,94.5,7.62,success
3694,Beta,search,critica,8.45,4.76,58,2,87.8,1.79,failed
4589,Beta,payments,alta,5.71,4.91,170,3,80.0,4.1,success
4851,Gamma,api,media,10.68,1.82,58,0,85.9,3.75,success
4410,Beta,api,alta,5.74,6.28,389,1,62.5,7.52,success
516,Beta,notifications,alta,6.78,3.78,59,3,88.2,7.03,success
4629,Alpha,api,media,9.81,2.68,62,1,92.7,4.86,success
738,Gamma,api,alta,12.71,3.93,106,0,95.1,2.97,success
1454,Alpha,api,media,6.41,1.41,126,2,86.5,3.82,success
3987,Delta,search,alta,18.74,2.13,54,0,67.7,8.18,success
4709,Alpha,ui,alta,17.64,3.33,91,2,91.8,1.95,success
2507,Beta,auth,media,8.37,2.39,55,0,93.3,6.54,success
2995,Delta,notifications,alta,7.01,3.33,108,1,68.0,3.2,success
2127,Alpha,ui,baja,17.68,2.85,338,2,80.3,3.21,success
2927,Gamma,payments,baja,9.73,5.25,46,0,77.3,,success
4754,Gamma,api,alta,5.89,4.21,104,2,87.1,5.7,success
907,Delta,auth,critica,5.88,3.13,12,3,54.6,4.09,success
3663,Beta,api,baja,1.91,2.34,161,1,90.8,9.71,success
1031,Gamma,notifications,baja,11.79,2.55,22,0,93.3,6.05,success
2508,Beta,ui,baja,10.62,5.21,42,0,91.2,2.1,success
2429,Delta,notifications,critica,7.22,2.67,15,1,72.3,4.58,success
948,Gamma,auth,baja,12.33,2.87,223,3,67.1,17.8,success
3822,Delta,ui,alta,8.24,3.43,114,0,96.4,9.0,success
4083,Gamma,ui,media,2.9,4.0,116,0,88.1,7.43,success
716,Gamma,api,alta,11.72,1.98,74,2,83.4,34.65,success
4638,Alpha,api,baja,12.38,4.31,237,4,84.0,4.54,rolled_back
687,Alpha,ui,baja,3.56,,38,0,93.8,4.92,success
704,Beta,auth,media,8.18,2.37,141,2,93.7,8.37,success
3342,Gamma,api,media,6.43,2.47,122,0,88.0,7.94,success
2354,Beta,api,alta,3.47,3.0,88,3,92.5,4.67,success
2258,Alpha,ui,alta,14.94,7.2,149,0,91.4,7.88,success
3566,Beta,ui,alta,7.92,2.77,79,1,83.2,4.26,success
474,Gamma,notifications,baja,7.04,2.95,64,0,78.6,11.79,success
22,Beta,auth,baja,7.37,,84,0,94.2,8.01,success
2753,Delta,api,alta,13.72,3.54,453,0,83.5,1.24,success
886,Gamma,auth,baja,13.94,4.21,57,0,91.2,2.36,success
2449,Alpha,api,media,8.46,2.5,29,0,86.8,4.1,success
918,Alpha,api,media,4.4,5.51,173,0,90.5,2.73,success
2917,Beta,ui,baja,9.55,5.86,243,3,74.4,6.74,success
4551,Alpha,auth,alta,5.34,4.72,55,1,78.5,6.02,success
2240,Beta,notifications,media,4.54,4.1,10,1,84.5,11.94,success
3860,Beta,auth,alta,5.51,3.99,41,1,,1.8,success
3396,Beta,ui,alta,6.95,4.18,14,1,88.1,5.85,success
1266,Beta,ui,alta,6.17,5.09,227,1,76.9,41.05,success
484,Delta,ui,media,6.92,3.53,37,0,74.4,15.14,success
4346,Alpha,api,media,4.72,1.98,26,1,89.1,29.28,success
2964,Beta,auth,baja,6.85,2.07,281,1,,2.15,success
1220,Gamma,payments,critica,5.32,5.02,105,0,96.0,2.04,success
278,Alpha,api,alta,6.93,3.34,42,1,69.4,13.51,success
989,Alpha,api,alta,9.35,7.25,119,2,93.2,6.06,success
2085,Beta,auth,baja,3.96,3.33,237,0,96.6,11.1,success
1246,Gamma,auth,critica,3.73,2.55,63,1,93.3,2.83,failed
2383,Beta,api,baja,5.99,2.96,30,0,87.8,3.92,success
572,Alpha,ui,alta,7.84,7.38,134,0,73.4,2.93,success
1436,Alpha,auth,baja,7.83,5.63,109,0,95.5,7.31,success
994,Alpha,search,alta,4.83,1.81,82,1,79.4,1.72,success
3478,Beta,notifications,critica,2.32,2.99,144,1,64.6,5.55,success
3461,Alpha,api,baja,10.27,5.0,185,2,97.2,6.23,success
586,Beta,api,alta,4.41,1.71,143,1,96.4,14.82,success
3674,Gamma,api,baja,5.21,4.66,18,0,89.1,4.85,success
2515,Delta,api,media,13.16,2.62,224,0,89.3,15.52,success
1350,Gamma,auth,media,3.53,2.96,110,0,83.8,3.04,success
1008,Delta,api,media,6.62,4.64,181,1,87.4,3.94,success
675,Gamma,api,alta,6.4,2.31,7,0,88.8,18.24,success
2413,Delta,search,critica,6.55,2.41,225,0,68.8,10.7,success
2904,Gamma,api,media,4.66,2.23,162,0,68.2,13.46,success
448,Beta,ui,media,4.42,5.06,59,0,79.8,3.53,success
4456,Delta,api,media,4.28,3.76,278,1,86.7,2.91,success
3774,Beta,ui,media,13.31,1.96,70,1,81.2,4.15,success
3719,Alpha,api,media,3.11,3.2,230,2,83.4,7.24,success
360,Alpha,payments,media,8.64,2.73,34,1,72.9,,success
2065,Beta,auth,alta,7.37,2.98,108,2,77.2,10.73,success
4458,Beta,search,alta,7.82,1.33,366,4,76.6,5.12,success
3826,Alpha,search,media,8.05,4.49,206,1,89.8,27.11,success
1691,Beta,auth,alta,6.57,2.39,99,0,79.1,7.41,success
4335,Alpha,api,media,7.46,3.21,103,0,90.2,16.18,success
1549,Alpha,auth,media,9.03,2.62,37,1,89.1,,success
1248,Beta,auth,media,4.68,3.36,72,3,88.3,4.41,success
1986,Gamma,api,baja,6.66,5.86,82,0,87.7,11.93,success
295,Beta,auth,alta,7.56,4.47,261,2,77.1,1.89,success
1548,Gamma,search,media,39.54,3.97,149,0,67.4,4.12,success
2013,Alpha,api,media,6.71,,43,0,83.4,5.77,success
589,Gamma,search,baja,7.93,4.17,51,1,93.3,10.44,success
3330,Alpha,api,media,7.82,3.36,218,0,,7.68,success
2404,Gamma,auth,media,5.98,1.88,65,0,94.4,17.82,success
2130,Gamma,auth,alta,8.31,1.59,129,0,82.4,2.6,success
4397,Delta,ui,alta,7.46,1.73,88,3,70.0,7.32,success
2411,Beta,ui,baja,5.2,5.89,218,2,91.1,33.15,success
2720,Alpha,payments,media,7.9,1.77,88,0,76.8,9.2,success
4563,Beta,api,baja,6.92,5.01,173,1,76.1,0.79,success
426,Beta,notifications,baja,2.44,2.68,211,0,94.6,36.36,success
2583,Delta,search,baja,10.35,2.06,64,0,85.9,14.13,success
1055,Alpha,notifications,media,8.32,3.56,45,1,66.0,6.68,success
4380,Beta,search,critica,9.19,3.04,11,0,81.1,7.54,success
4571,Alpha,ui,media,2.55,4.33,215,0,91.6,,success
557,Gamma,payments,media,7.96,3.44,60,0,68.2,6.19,success
4367,Gamma,search,alta,6.23,2.81,112,2,79.8,2.69,rolled_back
4065,Delta,payments,alta,6.63,1.84,43,1,88.8,6.96,success
4721,Gamma,search,critica,5.73,5.22,323,0,70.2,5.3,success
2470,Alpha,ui,alta,15.62,4.33,146,0,81.8,2.75,success
4719,Delta,ui,media,8.31,2.28,52,0,82.3,6.61,success
356,Delta,notifications,critica,6.31,2.25,184,0,70.5,3.01,success
1194,Alpha,ui,media,6.95,5.85,119,0,82.9,6.1,success
1717,Gamma,api,media,12.13,5.09,156,0,96.1,8.78,success
3417,Gamma,payments,critica,9.83,7.17,141,3,81.3,7.44,success
2605,Gamma,api,media,8.38,4.02,47,1,77.5,3.32,success
4437,Gamma,notifications,baja,9.38,2.17,30,1,70.7,27.11,success
2829,Beta,search,media,7.43,1.61,57,0,75.1,4.22,success
1705,Alpha,search,alta,8.83,4.4,98,1,74.9,3.77,success
2864,Delta,auth,baja,6.9,1.38,145,0,83.8,4.48,success
2619,Delta,auth,media,5.99,5.07,79,1,78.8,4.79,success
2401,Alpha,auth,baja,5.24,3.19,135,3,94.5,26.34,success
2140,Delta,ui,media,10.51,3.88,109,1,86.3,5.27,success
3240,Alpha,auth,media,10.0,3.32,113,0,74.0,2.56,success
2384,Beta,ui,media,8.9,2.73,90,1,85.6,20.63,success
3219,Beta,auth,alta,12.34,6.51,49,2,87.8,1.24,success
3760,Alpha,ui,alta,8.23,5.69,276,3,70.0,6.19,success
1286,Alpha,auth,media,10.03,,475,1,79.1,29.63,success
3812,Alpha,notifications,baja,4.38,3.47,64,0,73.5,14.27,success
3856,Delta,api,alta,10.54,4.18,116,2,76.8,6.97,success
4477,Alpha,ui,alta,3.88,4.33,175,0,94.8,5.31,success
2088,Alpha,payments,baja,11.45,5.44,186,1,76.2,12.22,success
1890,Gamma,ui,alta,5.61,4.76,120,1,91.2,9.45,success
3521,Gamma,auth,baja,4.17,3.69,117,1,76.2,15.11,success
1592,Beta,payments,baja,6.68,2.64,137,0,89.2,13.23,failed
1347,Gamma,api,media,13.91,2.67,228,0,92.0,3.92,success
4440,Gamma,auth,baja,19.99,4.49,108,0,78.9,13.7,success
2163,Alpha,api,baja,8.91,2.68,142,0,91.8,4.2,success
2397,Alpha,ui,baja,3.19,4.74,68,0,87.9,14.78,success
3659,Gamma,auth,baja,4.46,4.97,67,0,91.5,5.82,success
2272,Gamma,ui,media,7.87,8.3,131,0,,7.44,success
4499,Alpha,auth,baja,7.49,1.96,156,1,87.0,2.78,success
3112,Alpha,api,baja,2.44,3.26,5,0,92.6,10.44,success
1138,Alpha,api,critica,6.34,4.47,101,1,94.7,6.91,success
3911,Beta,api,media,5.63,5.89,84,1,88.4,2.19,success
973,Beta,ui,alta,7.0,3.6,116,0,71.0,3.64,success
796,Alpha,api,media,7.91,5.88,120,0,75.5,3.49,success
3021,Gamma,search,baja,11.14,5.38,28,0,88.6,8.14,success
1712,Gamma,api,media,10.16,3.99,71,0,87.8,16.44,success
3388,Beta,payments,alta,8.5,2.59,273,1,73.7,,success
37,Beta,api,media,7.19,4.83,58,0,64.2,7.34,success
454,Alpha,search,media,5.18,3.99,95,1,88.9,1.61,success
914,Gamma,ui,baja,13.8,3.12,173,0,96.1,57.48,success
4097,Beta,ui,alta,7.7,4.89,86,2,81.1,4.5,success
1200,Alpha,api,media,7.25,4.71,40,1,86.5,4.33,success
1275,Alpha,api,media,21.93,6.26,14,1,88.4,2.99,success
2376,Beta,api,media,17.66,3.08,53,0,95.7,14.32,success
38,Delta,notifications,media,14.0,1.96,274,3,93.7,7.89,success
975,Delta,auth,media,12.08,3.41,201,4,75.9,11.92,success
3196,Alpha,auth,media,7.2,2.22,213,1,97.9,7.09,success
984,Beta,search,media,4.54,2.47,74,0,89.4,7.44,success
3920,Alpha,search,alta,6.84,3.27,509,3,74.8,3.88,success
4085,Beta,search,baja,4.4,3.87,27,0,87.0,19.08,success
1419,Delta,api,baja,14.53,2.57,72,0,66.8,2.06,success
3333,Alpha,api,media,4.52,2.47,63,1,97.3,6.51,success
1561,Alpha,search,alta,3.39,3.84,44,0,83.0,3.75,success
40,Beta,api,baja,14.33,10.62,132,0,80.8,2.14,success
1487,Beta,search,alta,7.04,2.08,193,2,75.3,0.99,success
3899,Delta,auth,alta,6.56,6.69,56,0,94.2,7.26,success
170,Beta,api,baja,12.09,2.52,95,0,89.8,3.41,success
1356,Gamma,ui,media,14.62,4.4,28,0,,10.54,success
2786,Alpha,payments,media,5.87,2.09,287,1,84.8,4.31,success
3648,Beta,notifications,baja,6.62,2.67,10,0,82.8,15.84,success
4757,Beta,ui,alta,10.6,4.42,146,1,88.5,25.85,success
4020,Beta,ui,critica,6.41,3.29,193,0,92.8,9.6,success
2683,Delta,auth,baja,7.59,9.31,170,0,82.0,38.51,success
4713,Alpha,api,media,4.57,6.42,189,0,94.7,20.26,success
4041,Alpha,ui,media,7.46,3.51,166,1,80.1,1.15,success
1641,Delta,ui,media,2.84,4.39,54,0,76.3,10.46,success
1291,Delta,api,media,10.61,1.52,51,0,91.2,5.28,success
1381,Beta,ui,baja,8.85,2.41,109,0,68.7,20.7,success
1934,Gamma,ui,critica,9.23,4.13,124,2,94.2,4.29,success
580,Alpha,api,media,17.43,4.07,87,1,79.7,4.2,success
4228,Alpha,payments,media,4.03,2.14,13,0,80.1,6.6,success
3161,Beta,ui,baja,7.03,2.33,143,0,87.2,3.24,success
2031,Beta,search,alta,6.05,5.1,218,3,91.7,13.48,success
893,Beta,notifications,media,8.66,3.6,136,0,84.4,5.45,success
3967,Delta,search,media,7.16,3.82,59,0,90.8,2.94,success
781,Beta,payments,media,7.79,2.77,82,0,97.3,16.25,success
160,Beta,search,baja,7.54,6.65,294,2,67.1,7.74,success
3,Delta,api,critica,9.58,2.45,170,0,93.1,2.63,success
2264,Beta,auth,critica,10.62,6.55,161,0,93.2,1.29,success
3217,Delta,search,alta,7.77,3.81,157,1,92.1,4.57,success
2110,Alpha,notifications,media,5.7,2.86,125,0,93.4,1.63,success
850,Delta,search,baja,6.14,1.9,75,0,76.8,8.23,success
2738,Beta,auth,media,8.45,1.21,193,0,68.9,,rolled_back
2467,Beta,api,media,12.91,2.19,571,2,90.3,16.56,rolled_back
3712,Alpha,notifications,baja,8.98,3.48,379,3,78.4,10.06,success
3666,Gamma,notifications,CRITICA,6.47,1.47,432,5,80.9,,failed
1597,Alpha,ui,alta,4.12,6.52,173,0,69.2,,success
1777,Alpha,api,baja,10.87,3.37,97,2,90.0,8.84,success
1914,Gamma,ui,alta,10.66,3.4,74,1,61.5,19.61,success
1044,Beta,payments,alta,9.78,3.22,98,1,79.6,9.21,success
4722,Delta,search,baja,9.09,5.63,228,2,78.4,11.73,failed
1545,Beta,search,baja,3.56,3.37,69,0,95.3,8.9,success
2737,Alpha,search,baja,6.23,3.04,101,0,85.4,9.63,success
3722,Delta,auth,media,6.53,3.07,123,0,98.5,9.02,success
4626,Delta,api,baja,10.2,2.58,110,0,84.3,4.87,success
54,Beta,ui,media,11.54,2.9,100,0,95.4,9.43,success
1797,Beta,auth,baja,6.22,2.97,201,2,91.0,9.93,success
1912,Delta,ui,media,4.33,1.69,48,0,79.8,7.55,success
2307,Gamma,api,media,4.67,3.64,97,2,73.7,4.52,success
2554,Beta,api,critica,7.77,4.46,33,1,89.4,1.6,success
2801,Alpha,auth,critica,4.3,3.93,87,2,94.5,,success
937,Delta,notifications,media,6.18,3.36,166,0,88.0,1.71,success
4488,Alpha,auth,baja,9.32,1.98,40,0,81.4,13.88,success
825,Alpha,api,baja,9.51,3.38,144,0,86.5,15.28,success
4742,Beta,ui,alta,13.13,7.59,217,0,92.0,18.35,success
3179,Alpha,auth,critica,8.53,3.47,144,5,74.9,6.21,success
3402,Gamma,ui,baja,15.92,5.53,284,0,92.0,19.69,success
1390,Gamma,auth,baja,9.39,7.79,143,0,93.0,17.99,success
3565,Alpha,notifications,critica,5.77,3.22,42,3,93.6,15.07,success
4885,Beta,auth,baja,7.24,3.84,95,4,70.8,6.19,failed
885,Beta,search,baja,6.94,6.29,15,0,72.3,5.66,success
3821,Gamma,notifications,media,11.63,2.71,270,1,79.9,5.74,success
1608,Beta,ui,media,9.89,3.75,76,0,69.5,7.09,success
1595,Gamma,payments,alta,7.69,2.24,445,4,93.4,15.54,success
772,Gamma,api,media,11.13,3.48,422,5,81.4,3.03,success
2612,Alpha,api,media,11.38,1.87,40,2,78.4,7.71,success
3870,Alpha,api,alta,6.39,3.55,5,0,91.2,1.93,success
2274,Delta,ui,media,7.89,3.14,130,0,73.4,3.25,success
1869,Delta,api,media,10.5,1.75,92,1,68.5,10.07,success
1086,Delta,search,alta,6.97,,175,3,70.8,1.42,success
11,Beta,auth,alta,9.63,4.71,24,2,74.9,2.07,rolled_back
3627,Alpha,api,alta,6.97,4.33,242,0,81.1,14.87,success
1326,Delta,ui,baja,8.07,4.43,55,0,80.3,6.67,success
3391,Delta,payments,baja,7.83,3.35,123,0,96.1,6.42,success
1464,Alpha,notifications,media,5.73,3.93,320,2,95.6,52.68,success
807,Beta,ui,alta,6.46,4.23,6,1,81.3,3.44,success
3751,Gamma,auth,baja,4.67,3.17,181,0,90.7,10.99,success
4416,Beta,ui,media,7.67,5.8,89,3,75.9,7.36,success
3787,Beta,auth,critica,5.65,3.75,101,0,86.1,3.72,success
2109,Gamma,ui,baja,5.29,3.27,69,0,52.8,6.86,success
4244,Alpha,api,media,5.16,3.05,77,1,74.3,32.84,success
4965,Beta,api,alta,2.53,2.62,139,1,94.5,2.32,success
2235,Gamma,api,baja,3.82,3.09,88,0,90.6,7.31,success
3212,Delta,ui,alta,14.61,2.41,154,0,79.9,5.44,success
964,Alpha,api,baja,8.73,,131,3,77.5,7.32,success
3416,Alpha,payments,media,5.87,3.75,108,0,90.7,14.05,failed
3769,Beta,api,media,7.79,2.63,50,1,79.7,3.05,success
399,Gamma,api,baja,5.65,2.39,219,1,,3.22,success
2633,Beta,payments,media,3.56,2.29,129,0,84.4,4.74,success
4930,Beta,api,media,4.13,1.57,58,2,61.1,7.62,success
2997,Alpha,auth,baja,10.33,2.26,47,1,67.7,7.1,success
705,Beta,payments,media,5.08,3.75,119,3,90.2,13.94,success
432,Beta,ui,baja,8.7,1.95,8,0,68.1,8.57,success
293,Gamma,search,media,7.43,5.39,67,0,78.1,3.48,success
4913,Gamma,payments,media,7.57,4.5,166,1,96.4,9.07,success
146,Alpha,notifications,critica,13.6,3.84,238,1,,1.92,success
4154,Beta,search,baja,6.28,4.31,173,1,95.9,3.04,success
2034,Beta,api,baja,4.23,1.33,85,0,74.7,7.28,success
4214,Alpha,ui,baja,6.76,3.68,134,0,86.2,2.2,success
1166,Delta,search,baja,9.42,3.96,107,0,94.2,5.07,success
3501,Beta,notifications,baja,4.61,3.65,113,0,82.1,2.19,success
2051,Delta,notifications,critica,7.95,4.42,30,2,78.7,13.28,success
2625,Alpha,search,media,4.22,3.05,47,1,81.1,5.13,success
4387,Delta,api,baja,6.38,,133,1,89.8,12.42,success
340,Alpha,auth,critica,8.95,3.78,397,3,69.2,1.48,success
3895,Alpha,payments,media,9.76,2.76,222,0,90.6,22.55,success
4182,Beta,search,baja,5.5,8.32,74,0,87.2,36.24,success
2974,Delta,search,media,5.23,3.06,47,0,94.3,7.96,success
266,Delta,payments,media,14.48,3.25,352,2,69.3,6.44,success
2425,Alpha,api,baja,5.56,8.67,74,1,87.8,12.95,success
1263,Alpha,auth,baja,5.96,4.71,232,0,74.0,21.97,success
1772,Alpha,auth,baja,7.45,3.12,140,1,,14.13,success
3512,Gamma,api,baja,7.49,5.18,51,0,68.3,9.1,success
272,Beta,notifications,alta,5.7,3.07,250,2,77.7,5.12,success
697,Beta,search,baja,7.1,3.01,87,1,82.7,9.23,success
748,Alpha,search,media,4.8,4.42,53,2,75.2,6.52,failed
245,Alpha,auth,critica,7.28,5.25,98,0,90.3,1.87,success
318,Alpha,api,baja,5.29,3.55,100,0,81.9,42.78,success
477,Beta,notifications,media,11.53,4.13,242,0,92.7,4.36,success
2033,Delta,payments,media,5.58,5.38,174,1,89.4,4.26,success
958,Gamma,auth,baja,10.6,2.92,109,0,95.6,8.75,success
3832,Gamma,search,critica,8.19,2.97,420,6,87.4,3.93,rolled_back
814,Alpha,notifications,alta,4.31,3.75,108,0,87.6,5.49,success
4404,Gamma,auth,baja,9.2,5.05,58,0,64.6,11.71,success
1915,Delta,api,media,7.5,3.65,228,1,86.9,19.18,success
4611,Delta,api,critica,6.97,2.49,150,0,84.3,4.41,success
3488,Gamma,api,baja,3.47,1.9,101,0,93.2,3.58,success
1298,Beta,notifications,media,3.13,2.59,217,0,87.3,6.45,success
4628,Beta,search,baja,15.85,3.73,56,0,94.2,8.31,success
1805,Gamma,ui,media,9.6,3.22,40,2,66.4,2.2,success
759,Alpha,search,baja,9.6,2.97,44,2,64.1,11.91,failed
251,Beta,api,baja,9.82,4.2,144,0,86.5,7.58,success
2462,Beta,api,critica,3.46,6.12,78,2,72.3,4.31,success
546,Delta,api,media,6.28,2.33,7,2,61.5,3.38,success
3242,Beta,api,media,7.81,3.63,306,1,90.0,4.39,success
739,Alpha,payments,media,5.4,4.78,95,1,78.7,23.26,success
311,Alpha,notifications,media,4.33,3.88,326,1,90.9,21.69,success
3796,Beta,search,critica,3.23,3.75,309,1,69.0,3.24,success
2942,Beta,api,media,5.42,1.25,265,1,79.7,16.36,success
1132,Delta,search,alta,9.44,1.78,221,0,90.4,2.76,success
1450,Alpha,auth,alta,4.36,3.22,171,0,84.6,12.47,success
4928,Gamma,ui,media,8.84,3.58,224,0,84.1,30.28,success
16,Beta,auth,media,16.06,2.54,107,2,89.8,5.56,success
3233,Delta,api,critica,6.73,2.68,56,0,95.4,9.08,success
2770,Beta,search,critica,8.46,3.38,29,1,90.2,3.32,success
3469,Alpha,api,media,8.61,5.44,343,1,90.1,8.44,success
921,Gamma,auth,media,8.04,3.17,170,2,73.9,5.27,success
3030,Beta,notifications,media,6.87,4.08,45,1,97.3,6.15,success
1373,Alpha,notifications,baja,13.94,3.54,12,0,94.6,0.84,success
3588,Beta,auth,alta,11.1,2.19,172,0,80.7,10.94,success
2545,Gamma,ui,critica,20.55,2.38,188,2,82.4,8.75,success
3599,Delta,payments,media,7.0,3.46,585,2,88.9,14.84,failed
39,Delta,api,critica,24.77,4.82,162,0,90.0,4.09,success
364,Alpha,auth,baja,6.98,4.34,64,0,92.6,10.6,success
4109,Alpha,auth,media,8.44,2.71,67,1,83.6,3.91,success
183,Beta,search,alta,4.61,4.07,123,1,73.0,14.88,success
3034,Gamma,payments,alta,8.5,3.33,132,0,84.1,8.53,success
2984,Gamma,api,alta,7.91,6.72,60,1,86.5,9.77,success
1195,Alpha,notifications,critica,12.37,3.61,91,0,81.7,3.27,success
2853,Alpha,ui,baja,5.85,4.56,159,1,89.8,1.71,success
3782,Alpha,payments,media,5.92,2.6,29,0,97.8,9.35,success
1122,Beta,ui,media,4.45,2.54,300,2,85.9,6.36,success
2236,Alpha,api,baja,4.43,3.11,31,0,92.0,3.56,success
2668,Beta,payments,alta,13.44,2.42,43,4,77.0,2.79,success
4007,Beta,ui,alta,6.26,2.89,102,2,75.1,3.99,success
3224,Gamma,api,media,6.49,1.84,44,0,83.6,4.1,success
1183,Beta,auth,baja,10.96,3.59,164,0,94.2,6.34,success
4892,Beta,auth,alta,7.7,0.93,45,2,87.9,1.49,success
4302,Alpha,api,baja,13.42,4.2,173,1,98.2,12.27,success
615,Beta,api,critica,14.79,4.06,190,2,96.0,5.78,success
4917,Delta,auth,media,9.13,2.64,5,0,93.7,5.32,success
1467,Gamma,notifications,alta,9.36,3.15,97,0,83.4,4.31,success
402,Delta,notifications,media,9.16,1.43,310,4,64.9,23.06,success
3043,Delta,api,alta,9.99,3.57,325,1,93.1,8.61,rolled_back
935,Beta,api,media,6.87,1.99,239,1,95.5,13.49,success
2420,Alpha,search,baja,7.83,3.86,96,0,77.3,8.66,success
4045,Alpha,api,baja,5.96,7.23,56,2,91.6,10.03,success
4523,Beta,api,media,11.45,2.22,405,5,94.8,4.8,failed
2642,Beta,api,media,10.07,1.78,154,1,80.2,31.37,success
4033,Beta,ui,baja,4.87,3.31,117,1,84.2,8.66,success
727,Gamma,ui,alta,8.59,3.73,109,2,62.3,10.05,success
827,Gamma,ui,alta,13.86,4.0,144,0,86.1,5.6,success
1522,Alpha,ui,critica,8.33,1.96,230,3,88.8,8.93,success
4753,Alpha,auth,baja,4.17,2.28,188,1,80.3,7.93,success
2931,Beta,api,media,8.56,2.96,38,0,96.6,8.77,success
137,Alpha,notifications,critica,5.83,3.38,119,0,86.9,3.69,success
3591,Alpha,auth,media,5.6,2.26,42,0,66.0,6.64,success
629,Gamma,search,alta,6.65,4.02,217,2,96.0,6.01,success
335,Alpha,ui,alta,7.42,6.59,134,0,96.7,1.81,success
391,Alpha,ui,media,4.07,1.84,164,0,89.1,11.29,success
4396,Alpha,api,alta,3.5,5.7,477,2,78.9,2.86,failed
4884,Beta,api,media,5.03,1.38,169,1,86.7,3.88,success
4685,Alpha,api,baja,5.44,4.21,124,0,95.2,6.94,success
1818,Beta,auth,media,8.16,2.71,89,0,85.8,4.78,success
401,Beta,api,media,4.23,4.31,133,0,88.6,2.26,success
711,Gamma,api,media,6.37,3.43,63,0,85.9,19.86,success
1040,Beta,ui,baja,9.5,1.67,192,0,66.6,11.63,success
4005,Gamma,payments,baja,5.28,2.3,82,2,83.2,7.96,success
3360,Gamma,notifications,media,14.46,2.97,91,0,91.1,,success
47,Alpha,api,media,10.68,3.53,256,3,86.9,2.88,success
1562,Delta,notifications,baja,7.92,4.13,159,0,97.7,3.11,success
4808,Alpha,ui,baja,4.29,3.05,69,0,88.7,8.01,success
3643,Beta,notifications,alta,12.11,3.2,188,2,75.7,2.42,success
3727,Alpha,notifications,media,5.75,1.76,36,0,94.6,15.87,success
4852,Alpha,notifications,alta,4.96,2.61,195,1,71.2,3.1,success
1113,Beta,search,baja,7.48,5.25,242,1,91.4,9.97,success
2514,Alpha,ui,media,4.44,3.94,31,1,80.2,1.45,success
3609,Beta,api,baja,15.31,3.15,44,0,81.7,5.58,success
1224,Beta,auth,media,6.33,2.73,155,2,80.1,19.1,success
4076,Beta,auth,media,2.44,1.12,31,0,92.6,18.42,success
3024,Alpha,api,critica,6.94,1.98,123,2,92.0,0.67,success
2422,Gamma,notifications,baja,10.99,2.96,71,1,90.4,3.34,success
1509,Beta,ui,baja,5.52,3.4,51,0,91.4,9.43,success
1751,Beta,api,baja,3.85,3.28,45,0,84.4,34.18,success
4846,Delta,api,alta,6.33,3.15,276,3,89.9,10.03,success
4104,Delta,ui,media,8.99,2.72,57,0,82.5,11.14,success
1800,Alpha,search,media,8.79,6.01,260,3,71.3,12.38,success
339,Alpha,auth,alta,5.35,6.24,175,1,89.3,6.44,success
216,Alpha,notifications,critica,10.06,2.74,68,2,76.7,6.26,success
3664,Gamma,auth,baja,12.39,5.03,184,0,95.0,15.02,success
1342,Beta,notifications,media,5.96,3.63,24,1,94.4,3.8,success
12,Alpha,ui,media,2.56,2.24,307,2,85.8,21.25,success
1521,Delta,notifications,Alta,12.19,6.5,127,0,88.9,8.81,success
3641,Alpha,ui,media,7.52,5.14,20,1,83.1,6.93,success
4548,Beta,ui,alta,2.23,1.93,118,0,83.3,2.64,success
3791,Gamma,ui,alta,10.49,4.66,35,0,91.9,3.25,success
3005,Alpha,api,media,8.15,3.98,274,0,68.2,2.27,success
2865,Beta,auth,media,4.37,2.17,35,0,79.3,1.64,success
3116,Alpha,ui,baja,11.36,4.76,98,2,77.3,8.65,success
4849,Beta,api,alta,7.83,4.67,236,2,71.3,2.02,success
2323,Gamma,notifications,baja,9.07,6.77,32,0,83.4,21.61,success
2572,Alpha,auth,alta,5.15,3.73,239,1,80.2,7.84,failed
2914,Alpha,payments,baja,4.9,6.97,118,0,85.4,9.91,success
102,Alpha,payments,media,6.18,3.69,164,2,69.4,10.78,success
3550,Delta,auth,critica,6.01,3.07,64,2,93.1,1.88,success
1459,Delta,api,critica,4.44,4.16,150,2,69.0,2.93,rolled_back
172,Gamma,api,baja,9.04,3.03,112,1,85.6,0.99,success
108,Gamma,notifications,baja,8.94,2.53,38,1,98.0,7.34,success
4204,Beta,notifications,media,4.8,5.53,160,0,82.7,18.67,success
3570,Beta,api,critica,7.29,3.91,341,4,93.4,2.56,success
5000,Alpha,search,media,7.71,2.54,15,2,75.1,4.38,rolled_back
4304,Alpha,auth,media,5.41,2.54,34,0,91.0,2.34,success
4079,Delta,search,media,7.36,7.16,164,2,68.0,15.86,failed
4125,Alpha,api,alta,6.76,3.84,120,0,83.5,1.4,success
4130,Beta,api,media,5.38,3.3,161,0,81.0,2.11,success
4086,Beta,api,baja,15.61,1.7,186,1,88.8,8.71,success
61,Beta,api,media,3.56,1.84,35,1,91.7,6.74,success
1241,Gamma,ui,media,6.35,3.09,110,2,68.8,7.81,success
4646,Gamma,api,baja,10.35,2.27,100,0,84.2,8.21,success
1041,Beta,auth,alta,6.22,2.5,279,2,89.2,,success
4195,Gamma,auth,media,5.99,2.5,58,1,87.7,2.0,success
2761,Delta,auth,media,10.48,4.12,102,1,75.2,8.39,success
2121,Gamma,ui,baja,5.11,2.35,129,1,84.4,30.64,success
1525,Delta,ui,baja,7.07,2.36,110,0,98.1,7.53,success
3522,Beta,search,critica,9.57,2.56,386,4,96.4,3.31,failed
154,Gamma,notifications,critica,4.15,1.96,294,4,78.2,5.15,success
2249,Beta,notifications,baja,9.07,3.24,54,0,71.8,15.44,success
482,Delta,search,baja,16.52,6.49,105,3,,14.74,success
4241,Beta,ui,media,3.66,4.39,225,0,88.1,4.59,success
4314,Delta,ui,alta,5.31,5.93,49,1,70.0,7.46,success
3579,Beta,ui,baja,8.46,2.3,15,0,78.0,6.28,success
4554,Alpha,notifications,baja,7.37,5.53,45,0,78.6,7.83,success
3563,Delta,notifications,alta,11.84,4.64,122,1,88.7,2.6,success
3316,Alpha,notifications,media,5.09,2.75,155,0,80.2,17.12,success
1763,Delta,ui,critica,5.38,3.26,79,0,90.6,7.33,success
3539,Beta,auth,media,6.92,2.72,30,1,83.9,3.35,success
4812,Gamma,auth,media,5.5,6.96,187,1,74.9,4.67,success
751,Gamma,auth,media,8.21,1.96,23,0,93.6,14.27,success
3620,Alpha,ui,critica,6.15,5.69,81,1,92.0,9.77,success
1786,Beta,api,Alta,8.67,4.62,145,4,60.4,8.33,success
4279,Alpha,ui,baja,8.17,4.49,75,1,86.6,34.95,success
3384,Beta,ui,media,8.06,4.61,54,0,93.8,6.91,success
4146,Delta,api,media,8.6,4.18,118,0,85.8,7.78,success
406,Gamma,api,baja,21.2,3.09,138,0,88.9,15.7,success
758,Alpha,ui,alta,5.33,1.84,98,1,92.2,14.38,success
2712,Beta,ui,baja,8.01,1.01,96,2,89.1,11.7,success
2671,Beta,ui,alta,16.26,1.27,263,0,85.1,3.57,success
3999,Beta,auth,alta,10.25,3.81,122,1,96.6,4.55,success
98,Beta,search,media,9.87,3.04,125,0,85.3,12.02,success
1334,Beta,search,critica,7.56,2.14,109,1,80.2,7.39,success
4460,Beta,payments,baja,12.85,6.84,331,0,93.2,25.54,success
2792,Alpha,search,alta,11.39,4.06,440,2,80.1,3.31,success
2855,Delta,api,baja,10.91,2.57,194,1,94.4,9.29,success
187,Gamma,search,media,21.35,3.59,201,1,82.4,19.23,success
4180,Delta,ui,alta,11.09,1.08,323,1,91.0,1.49,success
2724,Beta,payments,media,13.16,2.36,190,1,80.9,21.7,success
3584,Alpha,ui,media,9.92,5.52,140,2,94.2,13.39,success
2059,Delta,auth,alta,13.17,4.32,163,0,86.2,1.04,success
1320,Alpha,ui,media,9.48,3.21,125,1,82.2,61.38,rolled_back
149,Delta,auth,baja,11.86,3.93,94,0,96.8,11.46,success
29,Delta,ui,baja,6.67,3.17,212,0,71.8,12.09,success
4148,Gamma,api,alta,11.42,4.29,271,5,94.8,6.55,success
4025,Beta,api,baja,10.34,3.67,297,3,94.6,8.34,failed
3364,Gamma,payments,baja,9.43,3.62,309,1,90.2,14.68,success
693,Beta,api,alta,10.34,3.0,275,0,82.8,,success
2867,Alpha,api,critica,9.46,2.93,295,0,86.1,9.94,success
3777,Alpha,ui,alta,19.92,4.24,117,2,94.7,5.1,success
1387,Beta,payments,media,4.3,4.1,73,1,93.9,6.05,success
1846,Alpha,api,media,9.21,2.53,111,1,72.2,8.99,success
4739,Delta,search,baja,5.82,4.23,360,2,80.9,7.83,success
130,Gamma,api,baja,6.59,4.8,216,0,95.7,3.87,success
1600,Delta,search,baja,3.6,1.72,329,0,82.5,3.86,success
3630,Delta,ui,media,13.11,1.8,63,4,77.6,3.71,success
4512,Alpha,ui,media,9.28,2.77,107,0,84.6,12.58,success
702,Alpha,notifications,alta,5.51,3.25,283,3,96.2,4.28,success
3998,Gamma,api,baja,5.47,4.69,136,1,66.5,11.06,success
3029,Beta,payments,alta,7.41,2.13,250,0,87.6,2.24,success
2970,Beta,api,media,9.92,1.48,26,0,65.8,7.13,success
4661,Beta,auth,media,9.44,2.31,130,2,78.5,3.24,success
1709,Gamma,payments,baja,11.39,2.08,173,1,90.9,7.71,success
2954,Delta,api,baja,4.97,2.74,60,0,73.9,9.56,success
455,Delta,api,baja,11.06,4.52,52,0,91.2,7.33,success
2869,Alpha,payments,media,6.42,5.73,70,1,90.0,4.78,success
2041,Beta,notifications,media,4.0,4.57,31,1,85.8,2.12,success
1773,Alpha,payments,alta,3.71,3.04,63,0,85.6,10.04,success
2316,Beta,ui,baja,4.53,5.83,38,0,95.5,10.81,success
610,Alpha,api,alta,6.64,4.45,225,3,87.7,1.71,success
168,Delta,auth,alta,5.57,2.19,85,0,80.2,4.47,success
731,Alpha,ui,media,5.67,4.36,22,0,90.0,5.05,success
4257,Gamma,search,media,4.63,1.87,241,1,93.1,11.64,success
3359,Gamma,auth,media,5.45,2.81,49,1,82.7,8.38,success
2075,Gamma,payments,media,6.78,5.51,88,1,84.6,9.14,success
4055,Beta,payments,baja,6.45,5.64,71,0,86.9,,success
3701,Beta,auth,media,4.87,2.14,85,1,66.5,11.81,success
1623,Beta,payments,baja,9.68,2.73,159,1,80.2,31.55,success
588,Alpha,api,media,3.54,1.62,384,2,89.2,1.44,success
1402,Alpha,api,media,6.37,1.34,111,0,87.1,6.32,success
3046,Alpha,auth,alta,3.3,3.2,103,1,75.3,4.95,success
3225,Beta,payments,media,5.72,2.44,110,0,79.0,4.44,success
1701,Alpha,auth,alta,12.92,4.13,238,1,78.5,6.3,success
3089,Delta,api,alta,7.71,5.58,396,2,93.5,3.11,success
4399,Delta,payments,baja,7.28,2.33,301,0,90.0,10.45,success
2982,Alpha,api,baja,3.06,2.56,157,0,94.8,10.6,success
41,Beta,search,baja,6.21,2.73,29,1,77.9,4.14,success
1380,Gamma,notifications,baja,7.48,2.68,35,0,88.0,7.38,success
2090,Beta,ui,baja,18.44,4.27,85,1,88.2,16.25,success
2176,Beta,auth,alta,6.12,3.36,40,0,91.4,2.1,success
3218,Delta,ui,alta,15.66,2.69,53,1,88.1,11.62,success
2886,Beta,notifications,alta,12.16,2.73,68,1,83.8,4.81,success
75,Delta,search,media,3.71,2.76,101,0,83.8,2.66,success
3925,Beta,notifications,media,7.97,2.89,119,2,86.5,3.14,rolled_back
3906,Delta,payments,alta,6.14,6.27,96,3,91.8,3.38,success
2658,Gamma,api,media,9.23,4.48,151,1,87.1,9.79,success
3181,Delta,auth,media,7.96,3.46,150,2,84.2,6.42,success
2077,Beta,api,alta,7.82,11.73,93,0,91.0,2.39,success
442,Gamma,payments,critica,22.43,2.86,183,2,91.0,3.6,success
4067,Beta,payments,media,6.37,2.41,22,0,71.9,4.43,success
2052,Alpha,auth,baja,6.6,3.16,39,0,95.0,4.05,success
2542,Delta,api,alta,7.41,6.64,105,0,,2.49,success
3307,Delta,search,alta,6.63,3.3,412,2,77.3,2.86,success
1302,Gamma,api,alta,5.62,4.42,283,4,86.5,4.17,failed
1782,Beta,api,media,4.91,2.57,130,2,89.9,10.27,success
4823,Alpha,api,alta,8.17,7.07,253,1,88.1,3.69,success
3431,Beta,payments,baja,9.84,3.54,28,0,81.4,8.62,success
1305,Beta,auth,critica,10.19,1.59,183,2,80.8,5.51,success
237,Gamma,auth,baja,25.65,4.41,83,0,98.4,11.11,success
2600,Gamma,ui,baja,8.69,3.9,23,0,91.1,17.45,success
521,Gamma,notifications,media,20.07,3.87,78,0,84.3,9.5,success
2574,Beta,ui,critica,1.64,2.02,45,1,81.1,6.23,success
3281,Alpha,api,media,8.4,1.74,50,1,88.5,15.57,success
3187,Gamma,ui,alta,10.5,7.01,93,0,88.5,10.71,success
2769,Gamma,ui,media,12.08,2.36,48,1,70.0,13.05,success
736,Gamma,auth,alta,9.42,3.1,144,1,83.7,13.15,success
4712,Delta,payments,alta,4.57,2.28,59,1,66.8,10.49,success
4938,Gamma,api,media,10.64,3.15,106,1,63.6,8.64,success
2107,Beta,auth,media,4.53,2.88,111,0,92.2,8.28,success
2680,Alpha,search,critica,10.85,2.32,335,1,73.3,2.97,success
3230,Gamma,ui,baja,9.58,4.79,82,0,86.2,,success
2762,Alpha,payments,baja,7.79,2.3,169,0,97.7,7.57,success
593,Beta,search,critica,5.71,3.36,152,0,68.3,1.06,success
1304,Delta,api,alta,7.08,1.98,56,1,68.0,2.21,success
1388,Gamma,auth,critica,12.85,1.41,233,4,80.8,8.88,success
4704,Delta,ui,alta,8.45,3.15,40,1,86.6,18.43,success
4535,Delta,auth,media,23.64,1.9,342,2,93.2,6.58,success
4042,Gamma,notifications,baja,6.56,4.7,45,0,,4.77,success
1891,Alpha,api,media,5.38,3.46,144,2,82.9,6.14,success
2988,Alpha,ui,alta,5.97,5.92,193,2,83.9,3.85,success
4933,Gamma,ui,media,16.85,2.12,80,1,86.0,3.49,success
3298,Beta,api,media,2.84,3.09,173,1,83.6,7.86,success
905,Alpha,auth,media,3.42,5.4,76,2,85.0,1.54,success
4618,Beta,api,media,34.6,2.33,29,0,96.8,11.95,success
1280,Delta,search,media,6.65,4.67,82,1,74.1,4.98,success
934,Beta,payments,media,8.38,2.24,225,0,81.9,13.62,success
4908,Delta,payments,media,7.55,4.92,116,0,77.7,3.6,success
2309,Delta,ui,alta,6.8,2.18,181,1,80.2,11.26,success
1556,Beta,notifications,baja,5.21,1.72,131,0,97.3,18.49,success
4542,Beta,notifications,media,3.31,4.03,339,6,80.4,,success
3191,Alpha,payments,baja,5.33,4.72,92,1,87.1,36.13,success
4450,Alpha,auth,media,9.1,4.85,89,1,81.4,44.31,success
707,Beta,api,media,6.71,6.68,202,1,71.7,7.6,success
4699,Delta,api,alta,7.92,3.61,97,0,74.0,6.87,success
3071,Beta,notifications,alta,8.27,4.74,121,0,89.8,2.82,success
746,Delta,ui,baja,11.69,2.45,182,0,96.6,23.42,success
3595,Gamma,auth,baja,6.24,1.69,72,0,88.9,30.98,success
1940,Delta,auth,baja,6.27,3.7,122,1,94.0,30.15,success
4409,Beta,auth,baja,2.98,2.96,112,1,81.6,4.15,success
2863,Delta,search,baja,7.42,6.82,188,1,87.3,18.52,success
4012,Alpha,api,baja,8.36,,84,0,97.2,12.56,success
514,Alpha,auth,baja,9.64,3.32,72,0,79.5,5.44,success
82,Beta,ui,baja,12.97,2.49,75,0,82.3,21.26,success
4985,Alpha,ui,baja,8.31,3.57,87,0,87.8,7.95,success
1309,Beta,api,baja,15.44,4.12,20,0,82.6,16.59,success
4557,Beta,api,alta,5.47,2.63,78,2,84.0,7.61,success
915,Delta,api,media,10.19,3.75,202,1,91.5,,success
3453,Alpha,ui,media,7.29,1.94,82,1,86.0,22.24,success
3696,Delta,api,alta,4.48,4.56,97,3,63.1,3.2,success
4813,Alpha,api,baja,8.2,5.12,63,0,87.7,9.5,success
3157,Beta,search,baja,5.81,6.41,76,0,91.2,15.21,success
2199,Alpha,payments,media,10.85,1.65,102,2,83.2,14.23,success
4240,Alpha,payments,media,4.94,5.92,69,1,,2.78,success
775,Delta,ui,media,6.98,2.58,252,0,95.9,6.0,success
330,Alpha,api,media,6.73,3.55,97,0,84.1,2.26,success
2055,Alpha,auth,baja,8.43,2.95,104,0,95.1,7.01,success
2002,Beta,search,critica,6.65,2.63,97,2,68.2,3.02,failed
944,Alpha,payments,baja,5.5,3.43,99,0,93.7,7.62,success
823,Beta,payments,alta,20.19,2.97,137,1,93.5,2.07,success
4536,Gamma,ui,media,8.72,2.72,35,0,95.3,10.12,success
910,Gamma,api,media,9.2,5.54,123,2,88.0,5.13,success
2517,Alpha,search,baja,7.29,3.16,83,0,83.5,10.73,success
182,Beta,auth,critica,8.47,2.59,90,2,80.6,0.93,success
165,Beta,ui,alta,3.63,2.43,116,1,93.4,1.41,success
1524,Beta,auth,alta,3.65,3.8,143,3,80.9,4.7,success
452,Delta,api,media,5.86,3.0,147,1,75.1,7.24,failed
2539,Delta,notifications,alta,15.06,1.75,114,2,75.1,3.45,success
4114,Alpha,notifications,baja,5.78,4.09,162,0,83.7,10.15,success
4784,Gamma,auth,alta,5.24,2.79,236,0,83.2,2.99,success
1312,Beta,search,baja,11.83,4.76,112,1,95.7,14.28,success
3150,Gamma,search,media,8.8,2.53,43,0,83.7,9.75,success
1112,Alpha,search,media,10.26,3.45,156,2,79.9,8.33,success
4752,Delta,api,media,10.33,3.0,135,2,82.0,6.35,success
3875,Beta,ui,alta,12.47,5.68,349,4,71.0,2.23,success
3490,Beta,api,media,10.44,3.65,107,1,87.9,4.32,success
1288,Gamma,auth,media,11.58,1.98,147,1,70.2,2.25,success
4185,Alpha,auth,critica,10.0,3.16,229,1,79.1,1.67,success
4654,Delta,api,baja,8.88,1.84,124,0,93.9,12.5,success
3681,Delta,notifications,baja,6.52,2.01,71,3,80.5,6.35,success
4339,Beta,api,baja,6.9,3.21,52,0,90.6,10.51,success
4465,Gamma,search,media,5.91,3.74,115,1,89.8,5.06,success
3301,Alpha,search,media,5.22,4.25,201,2,94.4,1.76,success
3311,Beta,auth,alta,5.01,3.58,458,3,78.6,18.41,success
4565,Alpha,ui,media,5.62,3.89,116,1,93.1,8.38,success
3126,Alpha,api,alta,3.78,2.87,89,0,91.7,6.49,success
328,Alpha,auth,alta,7.97,4.56,161,1,84.8,5.78,rolled_back
1791,Gamma,api,alta,10.9,2.13,140,2,83.9,11.33,failed
2491,Alpha,ui,alta,3.24,1.77,43,0,79.5,6.73,success
2007,Alpha,payments,baja,3.15,2.64,64,1,78.2,7.33,success
2008,Alpha,ui,baja,6.38,4.03,138,0,90.2,7.25,success
1859,Beta,ui,baja,6.32,1.92,119,0,70.9,7.18,failed
4694,Beta,api,critica,5.86,3.1,64,1,80.2,1.73,success
313,Gamma,auth,baja,5.78,3.69,80,0,63.1,6.81,success
833,Beta,api,media,11.04,2.59,117,0,71.0,23.09,success
3080,Alpha,api,alta,7.48,3.4,208,2,78.6,3.27,success
4726,Gamma,auth,media,18.58,3.35,183,0,94.0,5.85,success
3463,Beta,payments,baja,7.09,2.35,100,0,96.0,6.51,success
1202,Delta,api,alta,13.59,2.55,78,1,94.8,5.93,success
4400,Beta,auth,baja,5.41,3.24,179,0,,31.86,success
3548,Alpha,ui,media,7.59,1.95,209,1,96.0,2.06,success
4009,Beta,payments,critica,7.2,3.93,46,2,70.8,2.61,success
2135,Alpha,auth,media,7.06,2.97,88,0,86.0,4.6,success
3452,Alpha,ui,baja,4.01,3.47,81,1,91.3,21.38,success
2210,Gamma,api,media,6.6,3.54,52,1,81.5,13.41,success
1902,Gamma,auth,alta,4.61,,65,1,92.0,14.97,success
1482,Beta,ui,media,8.1,4.64,107,1,89.3,16.14,success
778,Beta,api,critica,6.98,3.09,263,2,84.6,3.38,success
800,Delta,notifications,media,3.48,1.42,133,0,78.5,6.48,success
3715,Beta,auth,alta,4.53,1.01,32,1,87.3,1.73,success
3943,Alpha,ui,media,4.36,7.29,63,1,87.4,3.54,success
55,Gamma,search,media,9.74,3.63,141,0,87.1,9.88,success
2973,Beta,payments,media,3.82,4.3,102,1,86.4,10.22,success
3336,Gamma,api,media,17.5,3.64,101,1,89.4,14.15,success
1921,Beta,ui,baja,9.53,3.52,115,0,95.9,12.92,success
3716,Alpha,auth,critica,5.9,4.34,59,1,84.7,4.73,success
4655,Gamma,notifications,baja,11.44,3.28,136,1,88.5,4.46,success
947,Alpha,api,media,3.07,3.87,129,2,83.2,3.57,success
1702,Delta,ui,alta,6.58,0.84,284,2,74.6,3.66,success
3294,Delta,ui,alta,6.0,1.7,153,0,86.9,2.3,success
2162,Alpha,ui,baja,11.56,1.63,71,0,93.8,26.27,success
1137,Beta,ui,media,6.8,4.72,134,0,64.1,7.4,success
988,Alpha,search,media,7.15,3.14,259,3,69.1,3.24,success
2550,Gamma,auth,critica,7.56,2.07,121,1,88.1,3.09,success
194,Gamma,auth,alta,8.46,5.02,98,3,78.7,9.38,failed
3058,Alpha,auth,media,9.68,2.72,144,0,92.0,62.86,success
3247,Alpha,ui,baja,6.33,2.25,49,0,94.7,6.9,success
1395,Alpha,auth,baja,6.4,5.44,89,1,93.9,20.55,success
2638,Delta,payments,media,10.22,2.32,44,1,98.8,13.75,success
769,Beta,payments,media,12.04,2.86,119,1,79.6,4.71,success
4711,Gamma,ui,media,7.42,4.59,25,1,84.3,10.26,rolled_back
3091,Gamma,ui,baja,9.4,2.85,194,2,88.1,18.72,success
3496,Beta,payments,media,12.47,7.04,207,1,88.7,8.76,success
3216,Gamma,payments,baja,12.23,7.13,29,0,87.0,10.28,success
286,Alpha,ui,media,7.23,3.77,134,0,97.1,4.96,success
4947,Gamma,api,media,7.01,1.82,240,2,84.5,11.04,success
429,Alpha,notifications,alta,11.6,4.63,229,3,93.7,3.91,rolled_back
4457,Delta,ui,baja,10.75,1.65,159,0,96.0,3.88,success
2333,Beta,auth,critica,4.26,2.91,129,0,93.4,4.41,success
2718,Gamma,notifications,media,7.15,2.32,131,2,89.9,5.75,success
2080,Delta,ui,baja,6.03,2.2,43,1,69.2,9.85,success
3390,Beta,api,critica,16.26,5.54,86,1,88.2,5.38,success
723,Delta,ui,media,10.19,3.83,230,3,89.2,4.43,success
952,Beta,api,baja,7.74,3.0,192,1,84.9,22.2,success
4392,Delta,search,media,13.26,2.33,31,1,71.4,5.17,success
4375,Alpha,ui,baja,4.02,2.72,34,3,70.2,5.26,success
2263,Gamma,ui,alta,4.26,3.83,48,1,,1.51,success
990,Alpha,search,media,6.21,3.11,17,0,97.8,7.36,success
3213,Delta,search,baja,6.07,5.17,113,0,92.1,5.99,success
1760,Alpha,payments,alta,19.4,9.53,177,2,78.9,3.93,success
4115,Alpha,notifications,critica,7.38,2.67,164,3,79.0,1.84,success
327,Delta,ui,alta,17.26,2.16,163,2,90.5,2.87,rolled_back
2609,Alpha,payments,alta,2.98,3.73,351,2,95.8,7.99,success
1384,Beta,ui,critica,6.8,2.6,255,2,79.6,2.33,success
1725,Alpha,search,baja,4.85,2.84,45,0,91.9,5.43,success
1087,Alpha,ui,baja,14.43,2.06,252,3,90.6,23.22,success
2524,Alpha,payments,alta,5.26,1.82,111,0,92.0,8.29,success
342,Alpha,notifications,baja,8.08,5.38,58,0,92.7,24.89,success
3702,Gamma,api,baja,9.0,3.06,138,1,91.0,28.85,success
148,Delta,notifications,alta,9.63,1.16,405,2,93.7,8.16,success
689,Beta,api,alta,11.62,2.12,90,0,92.3,4.11,success
3433,Beta,auth,alta,3.28,2.89,31,2,76.4,,success
1108,Delta,api,alta,5.2,3.65,113,2,80.1,2.31,success
849,Alpha,auth,alta,5.84,3.67,153,2,85.4,7.19,success
967,Gamma,ui,media,6.08,2.57,39,0,89.7,4.01,success
4755,Gamma,auth,alta,11.72,2.67,206,1,91.5,12.32,success
1493,Gamma,notifications,media,6.41,3.69,83,0,81.1,10.95,success
3954,Beta,notifications,baja,8.52,4.67,16,1,79.0,3.48,failed
2204,Alpha,notifications,baja,5.92,2.1,71,0,96.2,4.67,success
2714,Beta,api,critica,5.89,3.56,32,2,94.6,2.32,success
662,Alpha,api,Alta,10.64,3.36,132,1,96.6,8.38,success
1003,Delta,api,baja,21.08,6.58,379,3,82.1,13.12,success
63,Beta,notifications,baja,7.68,2.8,240,0,82.4,10.55,success
285,Alpha,api,alta,8.18,4.41,179,1,93.0,3.64,success
2225,Delta,api,alta,16.19,1.3,54,0,80.9,8.12,success
4715,Beta,ui,media,8.89,4.52,130,0,81.8,20.29,success
1880,Alpha,api,alta,6.08,4.47,117,0,82.2,2.89,success
3573,Delta,ui,critica,10.11,3.95,60,2,78.2,4.22,success
4866,Delta,auth,media,4.52,6.28,101,1,94.4,14.48,success
1204,Alpha,payments,media,7.21,6.63,104,1,71.3,9.26,success
1991,Beta,search,media,7.25,2.05,53,0,67.0,10.49,success
25,Alpha,ui,baja,10.96,2.59,66,1,90.3,7.65,failed
4861,Delta,api,alta,6.57,4.74,84,0,82.3,1.96,success
4110,Gamma,auth,alta,10.75,2.7,156,1,85.1,2.94,success
4175,Beta,auth,media,7.87,2.44,89,1,80.2,3.84,success
763,Alpha,notifications,media,9.62,1.67,55,0,77.6,8.14,success
876,Alpha,payments,media,3.06,3.43,52,0,92.9,1.83,success
4751,Delta,api,baja,6.11,1.59,180,0,87.1,9.66,success
939,Beta,api,media,4.48,2.05,276,0,84.9,7.69,success
2688,Gamma,payments,baja,16.23,3.23,112,0,93.2,7.91,success
3601,Beta,payments,baja,5.4,4.61,91,0,83.7,32.42,success
2395,Alpha,search,media,3.16,1.49,142,2,88.1,6.93,success
4576,Beta,auth,media,11.0,3.09,161,4,81.6,4.83,success
4989,Alpha,api,baja,6.72,6.38,30,0,85.1,9.81,success
4688,Alpha,ui,media,6.7,3.19,93,1,92.6,4.85,success
4573,Alpha,notifications,critica,2.75,3.09,43,1,91.9,4.89,success
386,Alpha,notifications,critica,13.7,2.24,188,2,85.0,4.94,success
3878,Delta,search,alta,6.14,5.02,177,1,78.1,3.57,success
4379,Delta,notifications,alta,7.22,4.53,206,3,85.5,4.05,success
4578,Gamma,auth,baja,6.1,2.24,230,1,82.5,27.69,success
537,Delta,api,critica,5.49,2.69,241,1,88.7,5.56,success
4674,Alpha,auth,media,6.47,2.78,127,1,83.4,4.46,success
3508,Gamma,api,baja,12.2,2.48,127,0,90.1,8.5,success
202,Alpha,search,media,7.97,7.65,137,0,75.7,2.72,failed
1333,Delta,auth,media,7.01,2.55,86,1,82.8,16.04,success
3503,Delta,api,media,27.3,3.17,100,0,87.5,12.3,success
2709,Alpha,api,alta,7.4,3.83,91,1,74.0,8.42,success
4022,Alpha,payments,baja,6.25,2.95,66,0,84.8,13.59,success
1855,Alpha,ui,baja,6.53,5.87,170,0,90.5,19.26,success
4478,Beta,api,critica,7.98,2.08,238,1,94.8,4.29,success
2873,Delta,ui,media,11.62,5.88,143,2,64.1,14.13,success
3031,Beta,auth,media,6.53,2.43,157,0,93.5,7.45,success
1206,Beta,api,media,8.67,2.36,134,1,85.5,7.85,success
1646,Delta,payments,alta,4.18,3.93,77,3,75.2,11.11,rolled_back
3418,Delta,auth,media,13.56,2.95,102,3,85.0,2.8,rolled_back
3477,Delta,ui,media,9.72,5.65,85,1,98.0,6.36,success
2862,Beta,ui,media,10.63,3.59,351,4,75.7,17.35,failed
1793,Beta,api,alta,7.03,3.71,194,2,93.3,2.97,success
3798,Alpha,api,baja,4.2,2.13,124,1,86.8,9.6,success
3369,Alpha,search,critica,4.74,1.79,480,1,93.0,2.14,success
3368,Alpha,ui,media,13.13,1.99,126,0,90.1,11.21,success
3534,Gamma,api,media,8.59,4.0,97,2,76.4,8.05,failed
3450,Beta,search,media,7.39,4.1,145,1,87.1,3.83,success
604,Gamma,auth,baja,6.99,4.41,108,0,92.2,50.04,success
3057,Gamma,auth,media,13.73,4.69,184,0,93.7,11.39,success
4369,Alpha,api,alta,4.8,3.74,29,0,91.3,8.13,success
127,Beta,ui,baja,4.89,3.79,58,0,84.9,14.38,success
3877,Gamma,search,media,6.86,1.41,260,2,84.5,6.44,success
2936,Beta,ui,media,2.66,3.61,31,0,69.6,4.05,success
3532,Beta,auth,media,5.13,3.37,173,0,95.8,8.3,success
2731,Delta,ui,baja,7.18,4.05,175,1,72.8,7.92,success
828,Alpha,notifications,critica,6.17,2.81,112,1,93.9,,success
1640,Alpha,api,media,12.73,3.09,79,1,84.1,11.79,success
985,Gamma,notifications,media,8.35,3.28,232,3,83.6,1.5,success
3282,Beta,payments,media,9.03,4.0,98,1,92.0,13.83,success
4980,Beta,search,alta,12.25,2.76,618,2,88.7,2.1,success
2189,Beta,api,baja,10.32,4.35,332,0,84.4,10.44,success
4621,Beta,search,alta,8.38,4.1,19,1,81.9,2.72,success
2444,Delta,auth,baja,5.6,6.86,62,0,85.9,20.67,success
363,Alpha,ui,media,20.48,1.3,186,0,87.4,4.57,success
2350,Beta,api,media,10.02,1.73,107,2,86.1,5.11,success
346,Beta,payments,baja,10.83,4.3,87,0,71.5,7.45,success
815,Beta,api,baja,8.78,4.14,60,2,71.8,3.29,success
3206,Alpha,payments,critica,4.82,3.43,335,2,92.4,15.72,success
4168,Alpha,payments,media,6.47,2.6,170,0,77.8,5.27,success
4804,Gamma,ui,critica,7.01,3.88,261,3,90.7,2.47,success
3326,Delta,api,alta,8.54,2.87,175,1,74.0,5.03,success
4107,Alpha,auth,alta,7.57,9.22,161,0,93.8,6.16,success
2117,Alpha,payments,media,6.33,5.73,37,0,75.1,17.45,success
1835,Alpha,notifications,media,10.41,2.14,111,0,87.3,16.69,success
794,Gamma,search,baja,8.92,2.7,181,0,91.2,7.86,success
4955,Beta,notifications,baja,11.21,3.09,88,0,77.9,4.14,success
2675,Gamma,ui,alta,19.92,2.58,78,1,85.2,28.31,success
95,Delta,notifications,baja,4.17,4.8,35,0,76.2,9.16,rolled_back
3757,Alpha,payments,media,4.96,4.79,210,1,71.2,9.99,success
2892,Delta,ui,baja,4.33,3.33,51,0,84.9,8.75,success
2372,Delta,payments,baja,7.15,2.82,52,0,93.5,8.64,success
4340,Beta,ui,media,3.36,1.87,126,0,97.1,4.01,success
4441,Gamma,api,media,12.72,2.1,136,0,93.2,3.56,success
3229,Beta,notifications,baja,5.59,2.95,115,0,82.5,9.47,success
2854,Alpha,api,media,8.86,3.67,137,4,64.9,4.82,success
2913,Beta,api,alta,9.67,4.28,198,2,87.7,3.2,success
1866,Beta,ui,baja,6.27,3.6,25,0,89.3,8.96,success
1858,Beta,ui,baja,5.11,4.37,66,0,91.2,2.98,success
2646,Beta,api,baja,11.91,,100,0,91.2,15.58,success
2244,Alpha,ui,alta,2.91,0.99,123,1,84.6,7.83,success
2337,Gamma,ui,alta,7.49,4.25,215,2,94.5,7.98,success
951,Alpha,ui,critica,5.74,3.52,117,1,79.1,11.15,success
3069,Gamma,api,alta,8.51,4.18,211,2,91.9,3.44,success
1121,Alpha,api,baja,6.09,2.57,107,3,83.9,5.32,success
2598,Gamma,payments,alta,7.24,4.13,232,3,71.8,4.46,success
2205,Beta,auth,media,5.42,3.22,13,0,81.1,35.02,success
420,Delta,payments,baja,19.55,5.65,39,1,91.5,5.44,success
923,Alpha,ui,baja,5.65,2.47,124,0,81.4,6.52,success
1255,Gamma,notifications,media,10.62,3.44,178,0,87.9,8.82,success
478,Gamma,ui,media,6.34,2.33,15,0,89.6,0.56,success
2036,Beta,ui,baja,7.07,2.91,66,0,83.5,8.0,success
1203,Alpha,api,alta,9.31,4.46,186,2,74.0,7.63,success
2627,Alpha,payments,media,5.51,5.25,66,1,94.1,6.22,rolled_back
4827,Beta,auth,baja,14.3,4.31,49,3,70.9,3.3,success
1971,Alpha,api,baja,6.97,2.6,206,0,97.8,17.91,success
3111,Alpha,api,media,7.67,6.77,56,0,80.8,5.0,success
4019,Alpha,search,baja,6.19,3.6,79,0,84.2,8.93,success
2152,Gamma,ui,baja,4.87,2.15,24,0,80.0,13.67,success
3688,Beta,api,alta,7.05,3.42,141,0,75.5,11.45,success
1998,Gamma,notifications,media,7.02,3.78,125,0,,,success
4034,Beta,search,media,6.33,3.52,55,2,84.6,5.46,failed
3055,Beta,search,alta,11.4,5.32,207,0,94.4,7.8,success
1249,Gamma,search,alta,19.1,2.4,296,1,72.3,4.54,success
2193,Gamma,api,Alta,9.93,2.04,81,0,82.4,4.41,success
2713,Beta,payments,alta,3.71,3.08,334,2,91.3,4.13,success
993,Alpha,payments,critica,13.06,4.38,150,3,92.7,1.14,failed
2191,Beta,api,media,10.62,3.75,364,4,82.8,3.1,success
3763,Beta,payments,alta,7.71,4.07,192,3,70.9,1.78,success
3598,Beta,ui,media,10.61,3.13,105,1,95.1,4.41,success
1319,Alpha,search,baja,4.43,3.18,50,0,96.7,11.42,success
1864,Beta,api,critica,9.63,2.33,113,1,85.0,2.55,success
2344,Alpha,search,alta,7.44,4.69,181,3,89.2,2.73,failed
2450,Gamma,payments,alta,21.36,3.91,288,2,75.9,4.63,success
2137,Beta,auth,alta,10.47,6.12,602,1,87.5,2.9,success
1066,Alpha,api,baja,7.12,2.67,191,2,80.6,6.45,success
4969,Alpha,payments,baja,6.58,3.14,31,1,82.7,5.2,success
2622,Beta,ui,baja,7.74,2.01,19,0,93.4,6.74,success
78,Delta,auth,alta,11.54,2.56,108,2,77.3,6.69,success
2899,Beta,payments,alta,10.98,4.56,108,0,92.3,17.75,success
1315,Beta,auth,critica,6.56,7.03,305,0,69.9,1.99,success
4590,Gamma,ui,critica,5.22,2.47,161,0,88.9,3.98,success
873,Beta,ui,baja,16.73,6.8,43,0,60.5,5.13,success
3851,Gamma,payments,media,3.13,1.39,58,1,93.3,5.11,success
4796,Beta,payments,media,4.24,3.62,486,2,79.1,1.95,failed
2966,Beta,search,media,5.19,5.93,162,2,91.4,23.82,success
3392,Beta,api,alta,9.65,4.24,94,4,77.0,4.75,success
2561,Delta,notifications,media,13.54,3.44,148,2,82.5,4.22,success
4905,Alpha,auth,media,5.4,4.62,100,1,86.7,4.47,success
2636,Beta,payments,media,10.33,2.92,86,0,84.5,3.72,success
3531,Gamma,search,baja,9.84,4.68,123,0,79.0,2.06,success
376,Beta,api,media,6.13,4.04,31,2,84.3,8.75,success
1909,Delta,notifications,media,5.54,3.48,23,1,87.4,7.71,success
4341,Alpha,ui,baja,5.77,6.81,63,0,79.9,4.46,success
4388,Beta,api,media,12.04,2.72,72,1,65.4,3.49,success
4028,Delta,ui,media,17.23,3.14,29,1,93.0,7.77,success
1605,Gamma,payments,critica,12.9,4.89,167,2,77.0,5.43,success
1119,Gamma,notifications,media,5.64,8.7,72,1,83.6,12.74,success
3678,Beta,ui,media,6.11,3.39,433,1,82.6,3.71,success
3491,Beta,api,alta,8.19,2.89,51,1,86.3,2.07,rolled_back
4873,Alpha,ui,alta,3.11,2.66,105,1,63.0,3.3,success
2959,Alpha,ui,alta,10.75,2.7,239,1,94.9,7.41,success
1995,Delta,auth,media,13.3,7.31,86,0,80.0,14.99,success
4964,Gamma,api,media,12.02,2.7,48,0,90.4,11.73,success
4391,Gamma,api,critica,8.03,1.4,396,5,85.5,3.62,success
2377,Beta,api,critica,8.17,3.79,182,3,76.6,2.19,success
1343,Alpha,payments,media,8.09,2.49,101,1,68.4,4.46,success
321,Gamma,payments,alta,9.42,2.03,102,0,92.2,4.14,success
1620,Alpha,api,alta,10.94,3.69,224,0,88.8,4.43,success
3714,Beta,api,alta,4.63,3.85,537,1,85.2,,success
2061,Delta,api,baja,4.11,5.12,134,1,93.0,5.83,success
2220,Alpha,ui,critica,8.89,2.61,276,1,91.9,6.36,failed
1674,Gamma,ui,media,8.78,3.32,358,2,82.8,10.33,success
261,Beta,search,alta,8.94,3.81,28,0,88.0,7.08,success
4426,Beta,ui,baja,2.87,3.4,17,0,85.5,4.25,success
2040,Alpha,ui,media,4.09,3.88,47,0,94.1,11.24,success
902,Alpha,auth,Alta,5.84,4.36,75,0,91.9,13.92,success
3745,Delta,auth,media,8.32,5.12,122,0,91.0,2.45,success
2027,Gamma,api,baja,5.51,1.69,160,0,94.9,10.76,success
4235,Alpha,search,media,6.1,4.62,233,3,94.3,8.89,success
1918,Delta,auth,baja,7.26,1.38,318,1,95.0,16.12,success
1829,Beta,notifications,baja,8.04,9.19,153,0,87.4,8.56,success
1574,Alpha,auth,baja,4.94,3.07,134,1,70.4,12.1,rolled_back
4403,Beta,auth,baja,11.15,3.3,108,0,93.3,3.29,success
4209,Delta,payments,baja,15.48,3.27,388,2,88.4,3.53,failed
225,Alpha,ui,baja,3.62,2.45,93,1,86.3,9.12,success
724,Alpha,auth,baja,7.88,2.69,16,0,81.8,8.31,success
4761,Beta,ui,critica,11.12,1.81,302,3,85.4,0.98,success
1142,Beta,notifications,baja,6.07,1.42,60,0,76.8,9.07,success
2763,Beta,auth,alta,9.47,1.79,323,0,90.6,13.97,success
847,Alpha,ui,media,7.29,1.36,64,0,84.4,3.6,success
2552,Beta,notifications,critica,9.63,3.71,75,2,91.7,2.89,success
2929,Beta,ui,baja,7.64,2.54,130,0,76.8,11.97,success
118,Beta,api,media,5.21,5.62,225,0,91.4,8.14,success
646,Delta,notifications,media,12.93,3.34,194,0,97.5,5.06,success
4,Delta,api,alta,8.38,3.41,169,4,76.8,6.88,success
4171,Gamma,ui,alta,6.05,3.53,123,1,73.6,4.05,success
468,Alpha,auth,alta,9.15,3.0,86,0,96.7,12.64,success
6,Alpha,payments,baja,2.96,3.4,99,2,85.3,13.02,success
920,Delta,api,media,4.25,4.84,156,0,83.7,3.91,success
2596,Alpha,auth,baja,6.27,1.67,97,0,80.5,8.69,success
1064,Gamma,ui,alta,15.34,3.26,163,1,79.8,14.43,success
2591,Alpha,ui,media,7.88,3.23,13,0,,4.88,success
243,Alpha,notifications,baja,11.76,2.6,174,1,94.3,15.24,success
1161,Beta,api,media,6.22,7.3,106,1,84.2,,success
2871,Delta,api,critica,17.73,2.18,347,3,75.5,5.12,success
3736,Gamma,ui,alta,9.68,3.84,345,2,80.2,11.59,success
2398,Gamma,search,baja,6.16,7.42,211,3,83.4,11.09,success
3518,Beta,ui,baja,9.81,4.46,335,2,75.6,8.7,success
3422,Alpha,ui,alta,2.25,4.71,68,0,93.3,4.04,success
2564,Beta,payments,baja,5.23,3.99,154,0,90.9,3.78,success
1606,Alpha,notifications,baja,6.36,2.21,141,1,80.0,15.15,success
4837,Alpha,auth,media,3.28,4.73,53,0,80.6,7.09,success
2325,Delta,search,media,4.77,4.79,227,2,84.0,1.48,success
2710,Gamma,auth,media,7.55,3.49,56,0,80.0,4.4,success
4407,Beta,payments,critica,4.28,1.96,224,2,74.0,5.28,failed
1313,Beta,api,alta,8.02,2.3,296,2,83.3,4.54,success
3449,Alpha,ui,baja,11.1,3.88,243,0,80.3,7.95,success
3813,Beta,ui,critica,11.58,1.77,65,1,72.1,2.45,success
4664,Alpha,search,media,3.03,2.23,633,3,74.2,8.9,success
2363,Alpha,auth,media,7.8,3.01,267,0,87.4,6.99,success
1976,Alpha,payments,media,11.64,3.91,351,1,81.7,6.89,success
3515,Alpha,notifications,alta,3.55,7.26,56,2,81.7,2.49,success
1762,Beta,payments,baja,3.29,4.44,19,1,78.1,4.83,success
2740,Beta,api,baja,10.39,4.0,46,1,86.8,16.88,success
4668,Alpha,ui,critica,11.6,2.21,45,3,84.2,3.81,success
2473,Beta,search,alta,8.59,3.88,133,3,67.3,2.28,success
4008,Beta,search,Alta,12.4,2.17,89,0,80.4,27.17,success
1494,Beta,api,critica,4.94,5.5,190,3,91.4,12.11,failed
4207,Alpha,payments,alta,9.3,3.4,360,4,76.0,5.61,success
2159,Beta,api,baja,12.09,3.78,49,0,86.9,8.6,success
1170,Gamma,ui,alta,6.59,4.1,9,0,95.9,5.41,success
4525,Delta,ui,media,11.82,1.79,211,0,85.4,4.84,success
233,Beta,auth,media,10.43,2.99,98,1,81.0,4.35,success
67,Alpha,payments,critica,5.0,2.06,67,0,79.1,3.94,success
1604,Alpha,ui,critica,5.13,4.03,162,3,84.9,7.56,success
3284,Beta,api,alta,9.61,2.73,133,2,78.4,21.07,success
3597,Beta,api,alta,3.71,3.41,51,1,92.3,4.97,success
126,Beta,notifications,baja,11.46,2.42,123,2,91.8,24.19,success
1297,Gamma,api,media,3.54,2.52,226,1,83.8,12.83,success
1977,Delta,search,alta,8.44,3.76,37,0,87.0,4.8,success
4526,Alpha,auth,baja,7.13,2.68,223,0,93.9,12.99,success
4490,Beta,api,baja,16.46,2.98,16,0,84.4,2.65,success
2076,Alpha,search,media,13.83,2.62,159,1,76.6,2.23,success
3087,Gamma,auth,media,3.86,4.66,362,3,85.2,4.91,success
4354,Alpha,payments,alta,3.24,2.92,261,1,94.2,3.15,success
3346,Gamma,search,media,8.35,1.67,283,4,81.4,4.51,failed
4473,Alpha,api,media,1.95,5.75,105,0,94.4,3.52,success
2798,Alpha,ui,alta,10.34,3.78,28,1,94.6,5.66,rolled_back
919,Delta,payments,media,6.18,3.47,99,2,90.1,5.42,success
1647,Delta,auth,alta,8.8,1.46,240,1,79.4,1.97,success
365,Delta,notifications,media,5.05,5.62,323,0,80.6,3.95,success
3288,Beta,ui,critica,10.67,2.43,15,0,93.6,1.5,success
2126,Delta,api,baja,7.45,2.2,52,1,75.2,8.14,success
4124,Alpha,ui,critica,6.75,3.97,254,3,72.1,1.62,success
526,Alpha,notifications,baja,11.49,,12,0,74.0,,success
56,Gamma,ui,media,7.83,2.6,74,0,94.6,11.51,success
639,Delta,notifications,baja,8.14,4.02,128,1,87.4,9.98,success
303,Beta,api,baja,4.71,2.06,36,0,95.9,7.56,success
2767,Alpha,api,media,12.44,3.6,30,0,94.9,15.88,success
1277,Beta,payments,baja,7.66,4.36,76,1,83.5,4.72,success
2056,Beta,ui,media,5.65,3.01,39,0,90.2,20.48,success
3645,Beta,ui,media,5.91,5.58,8,0,85.9,12.33,success
4144,Alpha,api,baja,8.16,4.76,95,1,74.8,11.5,failed
2879,Alpha,search,baja,3.87,3.17,559,4,92.6,12.22,success
4203,Alpha,ui,media,7.96,6.07,42,1,91.6,3.56,success
2287,Alpha,ui,baja,3.31,1.48,331,2,96.9,9.55,failed
2262,Beta,notifications,media,4.05,2.15,83,1,84.0,8.79,success
2297,Beta,api,media,13.8,5.04,66,0,87.5,17.4,success
1754,Gamma,api,media,16.24,2.74,155,0,87.9,5.81,success
1969,Delta,payments,baja,12.32,2.78,322,4,68.7,21.97,rolled_back
4360,Gamma,auth,baja,7.15,2.24,50,0,91.0,30.09,success
3118,Beta,ui,baja,7.4,3.62,59,0,82.5,8.94,success
2394,Delta,ui,media,5.18,3.17,14,2,73.6,2.42,success
524,Beta,search,critica,13.58,5.34,339,4,89.0,5.21,success
3901,Gamma,ui,media,10.22,4.28,39,0,97.8,12.79,success
3123,Alpha,api,media,9.78,3.32,184,0,80.2,5.61,failed
4157,Alpha,api,baja,5.2,8.13,184,0,80.1,10.87,success
1970,Alpha,search,media,4.58,3.7,181,1,78.1,14.13,success
672,Delta,api,media,11.51,6.54,170,2,91.2,5.95,success
4189,Gamma,notifications,baja,8.05,2.28,195,1,90.4,17.74,success
667,Delta,payments,alta,3.92,2.09,85,1,88.1,1.42,success
4347,Beta,notifications,baja,13.85,3.41,22,0,72.9,6.39,success
1888,Delta,auth,media,6.52,2.62,65,1,82.4,5.23,failed
3267,Beta,api,baja,12.33,1.44,83,1,66.1,3.66,success
281,Alpha,payments,media,9.55,4.53,131,2,92.8,7.21,failed
1720,Alpha,ui,baja,7.92,2.71,41,1,89.9,5.25,success
2948,Delta,api,baja,16.24,4.36,22,0,90.4,4.67,success
900,Beta,api,media,8.67,2.28,147,1,78.3,5.95,success
4859,Beta,auth,media,6.1,0.98,76,0,82.3,28.86,success
761,Delta,auth,media,10.03,5.43,112,0,74.5,31.98,success
1907,Beta,api,media,7.63,3.9,175,1,80.9,5.75,success
4043,Beta,notifications,alta,9.62,2.6,227,1,92.9,4.48,success
3824,Beta,ui,media,7.59,3.19,84,0,89.4,5.8,success
4139,Alpha,notifications,baja,6.33,2.33,189,1,93.4,13.55,success
3819,Beta,ui,alta,7.99,2.64,182,0,89.8,3.73,success
4301,Gamma,auth,critica,5.86,2.32,88,0,76.4,11.34,success
2594,Alpha,api,critica,20.53,4.43,91,0,94.5,5.14,success
4165,Gamma,notifications,baja,9.59,2.47,209,2,,15.35,success
3032,Delta,notifications,baja,9.35,3.49,195,1,57.6,27.86,failed
3580,Gamma,payments,critica,9.42,4.09,21,0,90.5,0.53,success
2833,Beta,api,media,2.98,4.04,265,2,80.6,3.02,success
3473,Beta,ui,alta,14.78,3.14,63,1,90.8,3.74,success
138,Delta,payments,baja,9.14,7.3,365,0,,4.89,success
2181,Gamma,search,media,23.45,2.7,188,0,88.7,6.77,success
2129,Gamma,auth,media,5.0,3.7,213,1,82.8,11.73,success
3178,Alpha,payments,media,5.57,2.04,117,1,83.3,14.6,success
4376,Alpha,search,alta,7.99,1.88,185,0,84.2,,success
4262,Delta,ui,media,9.31,1.8,89,0,96.5,9.15,success
4345,Alpha,search,alta,5.26,2.38,281,2,65.6,11.53,success
1332,Gamma,api, media,10.06,3.73,51,2,84.0,16.57,success
2018,Beta,payments,alta,7.5,1.63,125,0,95.2,2.2,success
2483,Alpha,payments,baja,7.52,7.09,232,0,92.4,9.65,success
1359,Alpha,search,media,12.12,4.26,86,0,89.6,12.13,success
1330,Beta,api,alta,11.52,2.59,369,5,95.5,5.34,success
2151,Beta,api,alta,2.8,4.11,59,1,76.0,1.29,success
2123,Gamma,notifications,alta,15.9,4.98,99,0,84.4,2.75,success
3982,Delta,search,baja,6.81,5.08,68,1,87.5,10.12,success
1253,Beta,payments,critica,3.26,2.05,268,4,94.1,3.02,success
3279,Alpha,ui,alta,8.42,2.1,361,1,70.3,1.64,success
3375,Beta,payments,media,3.88,5.44,133,0,90.3,5.96,success
2815,Delta,auth,media,2.7,1.7,60,2,90.9,14.67,success
1849,Gamma,api,media,12.75,3.45,100,1,,2.88,success
3038,Alpha,notifications,baja,7.35,2.59,150,2,88.5,14.82,success
389,Alpha,auth,baja,6.5,3.46,53,0,84.1,5.2,success
236,Alpha,auth,baja,3.85,6.45,384,3,93.9,13.11,success
1078,Alpha,api,baja,4.27,3.72,83,0,92.0,8.54,success
1985,Alpha,notifications,media,5.91,5.4,126,1,80.2,3.26,success
4364,Alpha,ui,baja,10.34,2.41,97,1,91.8,3.42,success
3963,Beta,auth,media,11.96,3.31,48,0,,8.55,success
771,Delta,api,media,8.12,6.23,64,1,74.1,3.76,success
2166,Beta,notifications,baja,7.7,3.63,102,0,111.7,10.05,success
674,Gamma,search,alta,8.73,4.51,84,0,86.1,5.46,success
250,Delta,search,baja,12.8,2.52,47,0,84.3,46.55,success
1575,Delta,notifications,media,7.04,3.09,148,2,89.9,2.03,success
3420,Delta,auth,media,11.18,3.05,94,1,82.1,13.21,success
2082,Delta,api,baja,3.51,3.59,125,1,82.9,4.11,success
1824,Gamma,auth,baja,10.64,2.71,84,0,92.3,12.29,success
717,Beta,ui,media,3.93,3.21,25,0,84.6,4.27,success
4677,Beta,notifications,alta,7.35,2.66,248,0,92.0,3.14,success
2049,Gamma,ui,baja,5.79,6.0,48,0,93.7,15.0,success
4179,Gamma,search,alta,8.72,2.97,192,0,91.9,7.79,success
2725,Gamma,ui,baja,14.06,3.56,33,0,85.1,38.14,success
4530,Beta,api,baja,6.76,2.54,271,0,91.0,20.61,success
1461,Gamma,payments,media,8.44,7.24,123,0,73.5,5.33,success
1669,Alpha,notifications,baja,4.64,3.48,198,1,88.8,9.98,success
2757,Beta,ui,media,8.13,2.94,122,0,90.7,8.6,success
2001,Gamma,ui,baja,5.82,2.05,35,0,75.8,16.81,success
405,Gamma,ui,baja,6.39,2.14,145,1,81.8,7.85,success
385,Alpha,api,media,8.95,3.05,67,1,64.1,6.95,success
4501,Alpha,api,media,4.75,3.63,39,0,81.7,20.36,success
2153,Alpha,ui,alta,4.07,3.65,140,1,90.2,3.31,success
1634,Beta,api,alta,6.26,1.86,12,1,76.9,4.79,success
4595,Beta,auth,media,15.89,1.69,137,0,59.0,18.99,success
3926,Alpha,auth,media,2.67,2.43,58,0,79.4,3.98,success
4159,Alpha,api,alta,9.26,5.28,185,1,67.3,6.54,success
224,Alpha,notifications,alta,2.96,3.46,427,2,90.6,3.38,success
2194,Beta,search,alta,6.32,7.75,411,1,84.5,4.95,success
3137,Beta,payments,baja,5.08,3.58,85,0,88.3,15.76,success
1825,Gamma,ui,alta,2.93,3.89,427,1,90.3,4.67,success
4609,Delta,ui,baja,8.11,1.25,109,1,87.7,18.84,success
798,Gamma,notifications,media,14.1,4.39,282,3,94.9,16.4,success
2872,Beta,api,media,8.47,4.46,51,1,93.1,3.99,success
10,Alpha,ui,media,5.67,1.47,144,1,85.6,26.08,success
1945,Gamma,ui,alta,7.81,3.06,93,3,95.9,5.18,success
1839,Gamma,payments,media,9.97,2.5,82,0,87.4,12.14,success
256,Alpha,search,alta,7.13,1.15,179,1,79.0,9.37,success
4517,Delta,api,alta,3.13,1.41,289,3,91.4,5.75,rolled_back
1582,Delta,api,baja,10.15,4.22,69,0,,21.52,success
2957,Delta,ui,critica,4.16,3.41,130,2,,5.06,failed
925,Gamma,search,critica,10.85,1.87,146,1,92.1,2.25,success
4438,Gamma,ui,baja,6.02,2.14,239,0,90.7,2.43,success
2509,Alpha,auth,media,4.85,3.91,123,1,92.7,6.45,success
3776,Beta,search,baja,9.1,5.07,288,0,95.6,8.5,success
4137,Gamma,notifications,alta,10.39,2.33,117,0,83.6,1.62,success
2780,Alpha,ui,baja,4.53,3.56,149,1,90.1,1.9,success
540,Alpha,search,media,9.28,3.85,209,2,78.7,9.09,success
2746,Beta,auth,critica,10.41,3.66,220,4,75.9,4.05,success
4507,Beta,payments,baja,3.7,3.5,298,0,84.0,3.05,success
4580,Beta,payments,media,4.39,4.08,257,1,92.6,1.94,success
1146,Beta,api,media,8.43,3.89,48,0,77.9,7.06,success
668,Beta,api,media,6.53,2.91,192,2,81.5,9.1,success
3020,Gamma,auth,media,4.54,3.13,113,0,94.6,3.98,success
358,Beta,api,media,16.97,2.72,85,1,85.2,3.97,success
2832,Beta,search,media,5.33,2.46,90,0,77.7,6.19,success
2784,Delta,payments,alta,5.32,3.78,294,2,90.9,4.64,success
1354,Beta,auth,media,7.78,3.13,187,1,73.3,9.13,rolled_back
471,Beta,notifications,critica,5.06,2.73,104,1,89.9,5.59,success
2704,Alpha,api,critica,7.98,4.53,18,1,79.3,,success
3331,Beta,ui,baja,7.23,2.7,160,0,86.3,15.4,success
3638,Gamma,ui,media,23.45,3.74,36,0,98.5,8.81,success
1397,Gamma,api,critica,9.26,2.08,139,1,87.8,12.2,success
3585,Delta,payments,baja,25.01,6.62,38,0,96.3,29.43,success
4495,Gamma,api,baja,13.93,3.52,307,0,83.3,8.42,success
3377,Alpha,auth,media,6.37,3.38,198,0,81.8,,success
1257,Beta,payments,media,9.77,5.29,153,0,72.9,11.85,success
3513,Gamma,auth,baja,11.23,4.33,59,0,88.4,5.22,success
1251,Gamma,api,media,9.89,1.73,225,3,73.5,6.42,success
4816,Gamma,ui,alta,9.95,2.33,207,4,80.8,1.89,success
4299,Gamma,payments,baja,12.02,3.78,249,4,91.7,20.6,success
3285,Alpha,search,alta,4.62,,155,2,87.6,6.49,success
2934,Delta,ui,alta,6.3,4.32,204,0,87.0,18.43,success
4176,Beta,search,media,6.38,2.6,266,2,94.1,5.92,success
1853,Gamma,search,media,15.38,2.1,59,1,92.1,4.76,success
4878,Beta,payments,media,12.33,3.7,100,0,89.1,4.33,success
2106,Gamma,auth,alta,8.98,3.34,133,2,79.7,1.34,success
134,Beta,notifications,alta,4.44,3.33,57,1,94.2,2.33,success
929,Beta,ui,media,14.39,2.84,77,1,89.9,6.75,success
824,Beta,search,alta,3.82,4.55,135,2,94.3,4.5,success
4939,Delta,auth,media,7.06,3.05,142,3,91.1,6.45,success
1532,Gamma,ui,alta,12.81,2.9,90,1,94.1,1.96,success
1215,Alpha,search,critica,11.73,4.35,317,5,87.5,4.22,success
505,Gamma,api,baja,10.3,2.11,181,1,66.5,14.52,success
4286,Delta,payments,media,15.04,2.78,86,2,82.3,6.12,rolled_back
1997,Alpha,notifications,baja,5.71,3.0,86,0,77.8,14.98,success
3073,Gamma,ui,media,7.95,4.3,24,0,77.9,13.29,success
1959,Beta,api,critica,4.84,3.2,135,2,77.3,8.12,success
1385,Beta,api,alta,9.82,2.96,458,3,90.8,1.8,success
895,Delta,notifications,critica,5.9,3.03,90,2,94.7,2.89,success
456,Beta,ui,alta,6.41,2.13,165,3,85.2,5.28,rolled_back
4645,Gamma,search,media,7.85,3.41,88,1,93.5,3.04,success
3710,Beta,search,critica,4.99,4.63,446,3,67.7,1.96,success
4627,Beta,auth,alta,11.69,2.74,105,0,80.9,2.16,success
4269,Delta,payments,media,2.96,5.09,26,0,81.9,9.28,success
3523,Alpha,ui,media,19.29,1.79,126,1,84.3,1.87,success
4135,Beta,ui,critica,2.89,5.28,184,3,55.0,1.78,success
3603,Alpha,api,alta,4.89,2.69,36,1,74.0,5.38,failed
714,Beta,search,baja,5.13,4.08,9,0,90.4,12.14,success
4187,Alpha,payments,media,9.38,3.31,50,2,74.5,7.68,success
2215,Beta,auth,media,8.72,3.02,142,0,88.0,49.88,success
2924,Delta,api,media,4.25,1.92,89,1,67.9,4.47,success
1811,Beta,api,alta,11.3,2.44,213,1,87.1,3.81,success
3487,Delta,auth,baja,8.41,3.32,62,0,71.5,4.14,success
3142,Beta,notifications,critica,7.09,3.26,100,1,98.0,4.05,success
1828,Alpha,ui,media,12.63,2.63,102,0,90.3,9.03,success
1156,Alpha,payments,media,6.65,3.96,84,0,80.9,13.4,success
1325,Alpha,auth,baja,14.54,2.52,104,0,,6.56,success
4313,Gamma,api,alta,11.78,3.08,145,0,84.8,2.33,success
511,Alpha,api,media,6.48,2.87,40,1,87.5,3.53,success
1681,Beta,auth,critica,11.13,2.96,42,1,92.7,,success
500,Alpha,search,baja,5.26,5.57,190,1,90.5,3.48,success
4545,Beta,search,media,5.71,4.01,46,0,90.6,1.87,success
1857,Alpha,api,alta,11.75,2.61,226,1,89.6,11.18,success
1389,Beta,api,baja,6.35,1.9,200,3,77.6,12.51,success
3720,Alpha,ui,media,7.56,1.92,55,1,72.7,11.36,success
2387,Beta,api,critica,10.36,3.71,177,0,81.2,2.46,success
3237,Alpha,api,baja,11.85,5.37,203,3,89.7,6.17,success
1541,Alpha,auth,baja,3.28,3.5,134,1,76.5,27.61,success
1218,Beta,auth,media,6.38,3.78,81,0,96.7,28.41,success
2682,Alpha,search,baja,4.84,2.98,107,0,80.1,3.46,success
2994,Gamma,auth,media,17.43,4.59,93,1,93.6,8.38,success
1192,Beta,search,baja,9.79,2.5,361,2,81.2,8.89,success
1543,Beta,auth,alta,12.78,2.3,364,4,83.5,10.42,success
3302,Delta,notifications,alta,4.1,1.28,66,0,92.0,6.09,success
3325,Alpha,search,media,9.36,3.58,118,0,70.7,36.66,success
2540,Beta,auth,baja,8.26,2.83,150,0,91.6,1.41,success
954,Delta,search,media,4.63,3.69,172,1,84.5,,success
4331,Alpha,search,media,8.15,3.8,30,1,79.0,8.36,success
733,Alpha,payments,media,8.15,4.97,39,0,78.4,4.84,success
1157,Gamma,search,media,7.56,7.39,68,0,94.9,22.04,success
3295,Beta,api,alta,1.72,3.46,98,0,94.1,3.57,success
2983,Gamma,search,media,8.17,5.46,229,2,83.0,8.64,success
2157,Delta,ui,baja,13.22,5.0,133,0,83.0,4.98,success
1063,Gamma,api,media,7.44,2.04,444,2,82.9,3.08,success
2617,Delta,api,critica,11.48,3.44,58,2,,5.68,success
1168,Gamma,notifications,media,6.4,2.3,142,2,82.7,5.99,success
3223,Beta,ui,media,12.32,5.1,265,2,95.8,5.72,success
3637,Beta,payments,media,3.1,3.71,193,5,92.2,4.85,success
2939,Delta,payments,media,16.43,2.98,107,0,84.5,3.62,success
4492,Delta,payments,alta,8.84,2.54,61,0,73.9,6.17,failed
3141,Alpha,api,baja,11.56,4.11,396,1,87.8,17.04,success
144,Beta,api,baja,5.5,3.11,172,2,79.4,7.94,success
3578,Alpha,auth,alta,4.42,2.92,28,0,91.2,2.84,success
2783,Alpha,ui,alta,4.69,1.54,179,0,80.0,12.24,success
718,Beta,api,baja,12.31,3.08,145,0,84.5,9.24,success
1820,Alpha,auth,media,7.12,4.4,140,0,94.3,13.83,success
2503,Alpha,search,baja,13.62,4.95,31,1,75.5,4.06,success
4361,Alpha,auth,media,10.48,6.98,117,1,89.5,4.25,success
4172,Delta,auth,baja,6.55,2.02,54,0,92.8,97.16,success
396,Alpha,api,media,5.46,3.13,174,1,68.7,5.88,success
4845,Delta,api,media,9.32,2.91,262,2,76.9,9.6,success
4493,Alpha,api,media,11.03,3.65,58,0,87.6,6.94,success
1366,Beta,api,baja,6.1,4.68,135,0,88.3,5.12,success
4567,Alpha,api,media,2.92,2.95,78,2,93.2,8.82,success
596,Beta,auth,baja,8.63,3.34,237,0,87.9,16.09,success
3953,Gamma,search,critica,4.18,6.92,41,1,89.1,4.59,success
2915,Alpha,ui,alta,6.08,4.59,575,2,-2.7,1.51,success
2327,Delta,api,alta,7.04,2.69,65,3,94.0,6.95,rolled_back
3767,Alpha,api,media,4.17,2.87,40,0,87.2,25.03,success
3441,Gamma,ui,alta,4.04,3.61,381,1,78.6,1.4,success
3852,Gamma,payments,media,7.55,2.4,75,1,95.1,6.46,success
4133,Beta,ui,baja,9.32,6.72,128,0,87.0,14.25,success
4600,Alpha,auth,baja,5.38,1.97,119,1,91.8,26.03,success
2144,Delta,payments,baja,7.3,2.89,180,1,66.4,16.29,success
1572,Beta,ui,alta,4.39,2.81,288,1,85.9,,success
4080,Gamma,api,alta,14.84,2.61,44,1,76.6,9.52,success
1123,Gamma,auth,media,5.25,4.21,259,1,71.3,7.25,success
2787,Alpha,search,media,8.64,4.38,54,1,73.3,7.23,success
2968,Delta,auth,media,7.25,4.16,175,0,78.6,11.14,success
2505,Beta,auth,media,4.22,2.43,169,0,73.8,3.49,success
3466,Delta,auth,alta,15.63,3.5,90,1,92.3,3.56,success
676,Beta,api,alta,10.98,3.13,252,2,82.9,3.88,success
2809,Beta,payments,critica,11.98,2.84,156,2,81.5,1.6,success
3349,Gamma,api,media,11.58,3.36,131,0,93.2,10.58,success
729,Alpha,payments,media,10.11,3.89,90,1,94.7,4.75,success
413,Alpha,auth,media,9.36,1.73,188,1,91.8,2.93,success
3147,Delta,api,baja,2.36,1.77,87,0,79.4,15.28,success
1517,Beta,api,alta,3.97,5.68,352,0,86.6,10.75,success
826,Gamma,api,media,6.87,3.52,41,0,,7.57,success
3268,Delta,notifications,media,6.7,2.17,73,0,94.5,11.81,success
3975,Alpha,payments,media,5.55,3.25,63,2,83.6,10.05,success
617,Alpha,api,alta,5.8,6.87,317,2,77.4,3.7,success
115,Beta,auth,media,10.73,1.93,272,0,80.9,5.57,success
418,Beta,ui,alta,6.11,4.31,55,0,75.5,2.89,success
3070,Gamma,auth,alta,3.49,2.44,23,0,85.3,4.06,success
1626,Gamma,api,alta,7.01,3.52,206,0,93.2,13.45,success
4959,Gamma,notifications,alta,9.53,2.02,80,3,63.3,4.3,rolled_back
4186,Beta,ui,media,5.52,1.96,423,1,85.8,41.1,success
2897,Beta,payments,media,12.11,4.69,72,0,85.1,4.58,success
4680,Beta,ui,alta,14.9,1.84,458,4,89.6,2.79,success
2083,Gamma,auth,alta,8.58,2.71,182,1,87.6,3.68,success
754,Alpha,payments,baja,11.27,4.31,35,0,81.2,5.38,success
2547,Gamma,payments,baja,1.79,1.93,63,0,90.5,31.56,success
3970,Gamma,notifications,critica,6.71,3.01,32,2,87.7,4.2,success
3374,Alpha,notifications,critica,6.9,2.39,124,1,69.3,0.47,success
4108,Alpha,ui,media,1.84,3.43,45,0,,3.02,success
2445,Alpha,ui,baja,14.25,3.53,208,0,75.1,13.96,success
4381,Gamma,api,baja,11.29,4.3,298,2,84.9,16.09,failed
1067,Alpha,ui,media,12.6,6.32,224,1,-4.6,,success
3914,Beta,ui,alta,3.79,1.81,14,0,97.4,2.15,success
3499,Beta,notifications,baja,7.22,3.17,80,1,92.4,5.34,success
2739,Alpha,api,alta,9.3,2.97,132,1,75.7,1.76,success
4001,Beta,api,media,4.17,2.27,142,0,94.8,14.06,success
1569,Gamma,search,critica,4.77,2.93,65,2,87.6,0.93,success
2428,Beta,ui,alta,14.38,3.97,180,1,74.9,13.02,success
3747,Gamma,search,alta,9.23,5.05,236,0,94.4,5.84,success
4648,Beta,auth,alta,7.73,3.39,97,2,97.5,3.05,success
1688,Delta,payments,media,7.6,2.74,122,1,74.3,8.19,success
852,Gamma,payments,baja,7.58,7.24,29,1,85.8,6.59,success
3547,Alpha,ui,alta,10.51,2.38,84,2,80.5,5.74,success
896,Alpha,api,baja,4.57,4.42,176,0,78.7,13.26,failed
4593,Beta,notifications,baja,9.77,1.81,131,1,83.6,7.18,success
336,Alpha,auth,media,10.38,2.64,45,0,85.7,4.74,success
2840,Alpha,payments,alta,8.56,2.97,168,1,92.1,9.96,success
3088,Beta,search,baja,13.99,2.71,21,0,82.9,3.79,failed
1349,Gamma,ui,baja,9.04,2.56,25,0,71.1,7.12,success
1016,Delta,api,baja,7.22,2.89,27,1,96.5,16.29,success
2817,Delta,payments,media,8.17,5.33,140,1,80.4,7.82,success
1632,Gamma,notifications,baja,9.44,2.74,17,3,62.0,26.07,failed
2490,Alpha,payments,critica,13.35,2.42,363,2,84.6,2.51,success
3731,Delta,api,critica,4.71,3.84,125,0,90.0,1.66,success
3252,Gamma,ui,baja,9.66,3.45,118,0,93.0,9.27,success
4803,Delta,ui,media,8.12,4.51,92,0,,1.98,success
2071,Gamma,notifications,media,7.36,3.23,27,2,67.7,8.7,success
4453,Gamma,notifications,baja,7.02,4.32,19,0,89.7,4.29,success
4891,Gamma,payments,alta,4.8,3.5,131,1,88.3,9.97,success
1636,Alpha,ui,alta,16.3,4.02,187,0,89.1,2.03,success
2480,Gamma,auth,media,5.34,4.25,440,0,56.0,25.98,success
2266,Delta,api,baja,10.52,3.55,250,0,95.6,1.72,success
2960,Beta,api,media,6.41,2.6,67,0,76.1,5.63,success
4740,Gamma,api,alta,8.88,2.89,92,3,81.4,2.53,success
3060,Beta,api,media,4.02,3.46,80,0,96.0,7.5,success
2142,Gamma,auth,critica,12.25,4.44,47,0,92.8,5.41,success
3119,Alpha,notifications,media,3.56,3.82,98,0,81.1,3.1,success
4734,Alpha,payments,critica,4.11,2.83,287,1,68.8,2.98,success
4046,Alpha,search,alta,7.12,4.96,59,0,79.5,2.13,success
3357,Beta,api,baja,7.93,2.29,72,0,79.2,,success
2745,Gamma,ui,baja,9.99,4.59,80,0,91.4,3.16,success
3507,Alpha,search,media,7.68,4.33,287,2,71.0,11.28,success
1680,Beta,notifications,baja,9.49,3.35,50,0,95.3,,success
4250,Alpha,notifications,critica,6.45,2.32,54,3,65.5,1.48,success
3148,Alpha,ui,baja,9.7,3.7,52,0,91.0,5.51,success
2295,Delta,api,alta,12.36,4.21,68,0,96.7,4.88,success
581,Gamma,payments,alta,8.73,4.16,180,1,84.7,2.03,success
1471,Alpha,auth,media,6.45,4.4,164,1,84.0,24.76,success
4071,Beta,auth,media,12.81,2.67,170,1,82.5,1.69,success
3344,Beta,payments,baja,7.95,2.38,32,0,83.2,,success
4584,Gamma,notifications,media,13.32,3.38,44,0,79.8,3.69,success
3673,Alpha,api,alta,6.3,1.93,47,2,70.3,5.85,success
560,Beta,payments,baja,12.95,4.16,56,0,73.4,6.35,success
2850,Alpha,auth,media,5.48,3.84,115,0,89.4,3.38,success
513,Beta,ui,baja,9.52,3.8,145,1,88.0,11.21,rolled_back
1082,Gamma,api,alta,8.26,3.76,148,1,80.8,17.32,success
1665,Alpha,api,baja,4.3,3.86,26,0,79.2,3.62,success
1013,Beta,ui,media,16.39,3.51,53,0,,5.74,success
1932,Beta,api,media,11.33,6.12,136,2,81.8,8.09,success
1151,Alpha,ui,baja,5.49,3.04,44,0,72.1,16.0,success
2839,Gamma,auth,media,10.32,2.39,197,1,74.3,7.71,success
117,Beta,payments,alta,6.38,2.28,30,0,94.2,2.82,success
741,Beta,api,alta,2.84,6.49,88,3,79.1,5.36,rolled_back
4815,Alpha,search,critica,4.66,,287,0,72.5,5.31,rolled_back
3676,Gamma,search,media,18.02,2.95,138,0,72.2,8.25,success
831,Delta,ui,baja,3.44,3.89,57,0,71.5,5.08,success
120,Alpha,api,media,6.63,3.1,49,0,84.8,14.46,success
4788,Beta,auth,critica,9.95,1.77,327,1,93.3,2.27,success
4747,Delta,notifications,baja,7.31,4.12,60,0,85.0,4.78,success
636,Beta,api,critica,8.53,3.26,58,0,92.8,5.53,success
4466,Alpha,search,media,3.92,7.34,207,0,92.0,11.07,success
4365,Alpha,ui,baja,8.29,4.98,72,0,95.5,23.11,success
4143,Beta,api,baja,5.0,4.07,92,0,68.0,6.7,success
992,Alpha,notifications,alta,14.71,3.95,122,2,,2.42,failed
877,Beta,ui,baja,10.71,2.97,104,0,76.4,3.73,success
5,Delta,auth,media,8.1,4.66,69,0,80.9,1.74,success
3052,Alpha,auth,baja,11.86,2.85,104,0,61.6,8.17,success
3125,Beta,ui,media,5.81,2.15,123,0,83.8,9.86,success
2661,Alpha,ui,alta,7.07,2.54,42,1,89.0,9.97,success
2492,Gamma,auth,media,7.55,3.36,394,1,69.5,15.71,failed
3855,Gamma,ui,alta,11.69,2.54,96,1,74.0,5.69,success
1716,Delta,ui,media,6.85,4.79,33,0,85.4,2.99,success
1149,Beta,auth,baja,7.6,2.55,97,1,97.2,23.53,success
3262,Delta,notifications,media,3.72,3.76,125,1,78.6,40.37,success
575,Delta,ui,critica,9.42,3.32,211,2,90.7,4.94,success
3770,Beta,api,baja,4.15,3.16,18,1,85.3,8.87,success
3737,Beta,ui,baja,3.9,5.01,82,1,85.8,13.14,success
4147,Gamma,notifications,alta,5.09,3.05,96,2,89.2,2.21,success
854,Beta,search,alta,4.23,2.64,196,0,89.4,7.64,success
1983,Beta,api,critica,14.52,,65,0,71.0,1.79,success
2775,Alpha,api,baja,7.1,1.72,13,0,82.3,11.12,success
1167,Delta,search,media,5.71,2.67,24,0,83.0,2.46,success
972,Beta,ui,critica,4.96,4.93,46,2,96.1,3.25,success
2702,Beta,ui,baja,8.34,4.95,190,1,88.4,,success
4496,Alpha,auth,baja,8.27,2.91,82,0,92.5,2.98,success
3848,Alpha,api,critica,13.62,3.12,247,2,93.1,8.9,success
2369,Alpha,auth,media,14.91,4.47,101,0,55.5,3.17,success
4116,Gamma,api,baja,17.74,1.72,31,0,82.6,25.28,success
4132,Delta,auth,baja,9.44,3.31,337,0,,5.78,success
2951,Alpha,api,media,5.01,6.13,48,0,95.5,3.37,success
525,Beta,search,media,8.44,3.13,79,0,91.7,10.44,success
2456,Beta,api,alta,4.95,4.91,89,0,87.4,5.67,success
1842,Gamma,search,alta,8.86,4.83,74,0,80.6,4.44,success
538,Gamma,payments,media,14.04,3.61,211,1,92.2,14.38,success
2807,Delta,notifications,baja,9.19,3.39,82,0,70.8,16.93,success
4342,Alpha,api,critica,7.12,1.41,239,2,82.7,1.42,success
3176,Beta,ui,media,3.99,4.5,72,1,84.8,9.29,success
785,Delta,payments,baja,5.58,4.0,61,0,,8.32,success
4058,Delta,notifications,media,3.67,2.51,69,0,94.7,6.44,success
1410,Gamma,search,media,9.34,3.95,179,2,91.2,21.16,success
2538,Gamma,auth,alta,3.57,4.11,230,2,87.2,1.8,success
155,Alpha,payments,baja,3.28,2.8,194,2,94.3,11.88,success
3010,Alpha,auth,media,4.55,4.22,106,1,76.5,10.38,success
1687,Beta,api,media,5.52,3.69,40,0,91.4,8.27,success
2902,Delta,auth,baja,6.87,2.88,325,1,,12.87,failed
4958,Gamma,notifications,alta,8.43,,117,1,96.2,9.82,success
3864,Beta,api,media,6.38,2.23,116,1,67.7,22.08,success
2734,Alpha,notifications,baja,12.55,2.67,207,0,72.2,11.3,success
1896,Beta,auth,baja,8.78,2.59,47,0,83.3,9.23,success
570,Alpha,ui,alta,6.69,1.59,42,0,81.3,7.11,success
1817,Gamma,notifications,baja,5.32,2.7,5,0,66.5,3.4,success
2066,Gamma,api,media,4.32,1.95,261,1,83.6,19.68,success
128,Beta,payments,media,6.12,2.17,39,1,84.7,1.38,success
3395,Delta,api,critica,10.85,1.55,538,1,86.2,2.97,success
3328,Beta,search,baja,3.48,2.81,156,0,94.7,13.23,success
4995,Gamma,auth,alta,6.27,7.22,56,0,95.2,5.91,success
2976,Gamma,ui,baja,15.46,5.41,129,1,81.6,8.42,success
981,Alpha,api,alta,9.08,2.64,48,0,,2.12,success
2301,Gamma,payments,media,8.68,4.57,328,2,90.2,15.63,failed
191,Alpha,api,media,6.97,3.02,191,1,76.7,,success
1140,Gamma,api,media,6.54,3.07,24,1,87.2,,success
700,Gamma,auth,baja,7.06,2.12,91,0,90.0,26.4,success
4789,Beta,auth,baja,8.71,4.69,62,0,87.0,16.16,success
607,Beta,search,alta,5.82,3.64,332,3,87.8,5.71,success
4277,Alpha,auth,alta,6.69,3.44,123,0,90.7,1.97,success
302,Gamma,ui,media,13.24,5.27,230,1,83.9,11.34,success
3421,Gamma,auth,media,10.44,2.67,142,1,90.5,1.64,success
4829,Alpha,auth,baja,7.82,4.01,7,0,83.8,13.49,success
1061,Alpha,ui,baja,5.27,4.39,15,1,54.6,41.28,success
2566,Alpha,search,baja,3.97,4.98,246,0,80.3,4.01,success
3625,Alpha,payments,baja,5.97,4.01,200,1,83.6,5.78,success
1070,Delta,notifications,baja,5.04,4.18,186,0,89.3,10.02,success
2525,Beta,auth,baja,13.45,6.87,74,0,84.9,3.37,success
2206,Beta,ui,baja,6.65,1.93,71,0,70.1,7.93,success
1244,Beta,ui,alta,10.03,2.18,160,0,79.4,1.5,success
17,Alpha,ui,media,4.73,3.65,347,2,88.5,10.22,success
3121,Gamma,api,alta,7.75,1.91,58,1,88.1,2.88,success
4643,Delta,search,baja,12.19,6.79,122,0,91.9,6.9,success
816,Alpha,ui,baja,5.73,4.67,157,0,82.4,21.69,success
3068,Delta,auth,media,7.17,2.36,111,0,92.6,9.23,success
4793,Delta,ui,alta,2.38,1.65,141,0,74.9,4.85,success
960,Gamma,ui,media,12.26,5.5,256,1,86.5,4.7,success
226,Gamma,api,critica,9.52,2.99,231,1,76.2,2.45,success
3355,Alpha,notifications,critica,2.9,3.6,107,1,81.8,2.31,success
2486,Gamma,payments,alta,8.55,2.21,213,0,82.3,1.96,success
563,Alpha,auth,baja,4.23,3.26,263,0,78.9,4.21,success
3437,Delta,ui,baja,4.43,3.61,111,1,87.9,10.26,success
1694,Alpha,search,baja,5.8,4.76,233,1,60.9,7.19,success
1046,Gamma,payments,critica,11.9,4.39,20,2,91.8,3.17,success
3447,Alpha,api,media,11.83,3.52,123,0,80.5,4.48,success
4566,Gamma,search,media,8.26,2.84,69,0,82.3,22.5,success
955,Gamma,search,media,8.93,2.09,616,3,69.0,8.01,success
4994,Delta,notifications,baja,7.36,4.02,139,1,84.9,10.3,success
2736,Beta,auth,media,3.11,5.95,45,1,74.2,5.45,success
4941,Gamma,auth,critica,5.36,2.36,169,2,91.2,7.28,success
4736,Alpha,search,media,2.15,5.44,42,2,74.2,3.95,success
4832,Beta,search,media,5.87,2.84,116,1,86.7,5.07,success
1219,Gamma,notifications,media,6.45,2.03,27,0,84.9,19.63,success
1528,Alpha,auth,baja,9.79,2.36,30,0,78.9,9.57,success
3988,Alpha,notifications,baja,13.93,5.6,63,0,91.4,4.84,success
1301,Beta,search,media,9.5,5.31,80,1,73.9,5.39,success
4900,Alpha,payments,baja,3.38,2.85,18,1,77.2,7.55,success
161,Alpha,api,alta,5.3,3.01,300,4,83.6,4.41,success
4068,Alpha,auth,media,3.73,2.83,168,0,82.8,1.42,success
957,Beta,api,media,8.8,2.17,123,0,87.1,11.39,success
3792,Alpha,notifications,baja,4.1,3.65,143,0,80.7,8.18,success
3235,Beta,api,media,7.14,6.03,97,0,92.8,8.38,success
2870,Delta,api,baja,8.09,3.31,127,0,82.1,5.34,success
3778,Gamma,payments,media,4.69,10.2,98,4,89.7,,success
4434,Beta,notifications,alta,7.15,3.9,336,3,61.8,13.82,success
2962,Gamma,payments,alta,9.66,2.96,163,1,77.3,2.43,success
2201,Alpha,api,baja,6.09,,8,1,86.2,8.43,success
99,Alpha,ui,critica,6.1,4.42,38,0,,,success
2558,Beta,payments,critica,12.83,3.7,126,0,85.6,1.87,success
3184,Beta,api,alta,4.0,3.95,162,0,80.4,6.47,success
254,Beta,auth,alta,6.56,4.47,84,1,91.2,4.73,success
3924,Beta,notifications,media,2.52,5.6,197,0,96.1,4.36,success
4200,Alpha,notifications,media,9.06,2.88,146,0,89.9,5.71,success
1446,Alpha,api,media,4.42,3.28,118,1,92.3,9.12,success
1649,Delta,search,media,8.85,5.39,108,1,92.6,16.98,success
4683,Gamma,auth,baja,7.95,6.88,80,0,90.9,6.69,success
4724,Alpha,auth,media,6.91,2.59,66,1,93.8,10.58,success
3992,Beta,payments,alta,3.86,4.71,171,0,81.2,4.29,success
1697,Beta,notifications,critica,16.99,,13,0,93.3,5.86,success
3192,Beta,payments,media,12.88,4.58,234,0,86.6,,success
4500,Beta,ui,baja,7.72,3.25,5,0,77.5,6.79,success
1155,Alpha,payments,critica,4.26,2.81,141,0,94.7,,success
2256,Alpha,search,alta,4.58,3.47,300,3,84.5,2.36,success
1683,Gamma,ui,media,26.38,5.15,102,1,96.5,42.67,success
3171,Alpha,payments,baja,10.54,3.58,140,0,84.2,14.58,success
2057,Alpha,notifications,baja,4.54,2.55,43,0,94.4,6.25,success
4091,Alpha,payments,media,3.4,2.87,227,0,86.3,5.11,success
3109,Beta,auth,baja,5.84,3.27,185,4,,6.52,success
4549,Beta,auth,media,6.37,2.1,88,1,93.5,4.21,success
3724,Gamma,notifications,media,14.0,3.82,15,0,91.0,4.81,success
2050,Beta,auth,alta,3.95,2.96,29,1,85.9,5.48,success
3644,Beta,search,alta,7.93,3.82,251,2,84.6,4.76,success
4936,Beta,search,baja,9.76,2.45,157,1,86.7,5.16,success
624,Alpha,auth,media,4.18,2.33,111,1,76.8,20.68,success
263,Delta,payments,baja,12.1,3.65,126,1,93.3,6.93,success
3370,Alpha,notifications,alta,6.77,3.76,104,0,72.4,6.13,success
4062,Delta,payments,baja,4.36,1.59,119,1,85.3,19.67,success
1803,Delta,ui,media,6.02,3.96,41,0,88.2,6.58,success
4737,Gamma,api,alta,3.96,5.13,145,2,59.3,3.97,success
3407,Gamma,auth,media,5.7,3.68,86,0,94.7,15.34,success
2386,Alpha,payments,baja,13.55,4.01,20,0,91.8,6.85,success
1960,Beta,api,baja,5.66,1.81,178,3,93.9,14.21,success
2977,Delta,payments,critica,6.99,2.98,295,3,66.9,3.89,success
489,Gamma,search,baja,4.98,2.79,133,0,82.8,13.32,success
1844,Gamma,ui,baja,9.01,3.19,152,1,84.6,6.03,success
1735,Gamma,payments,baja,6.38,7.84,171,1,83.3,22.98,success
2912,Beta,api,alta,5.74,4.06,153,2,83.8,4.17,success
3220,Beta,payments,media,12.21,2.66,115,0,83.2,4.37,success
147,Beta,api,baja,13.34,2.26,37,1,79.2,13.83,success
1987,Gamma,search,media,8.32,3.47,143,1,83.3,5.74,success
1370,Delta,api,baja,3.48,3.73,163,0,86.4,23.47,success
2812,Alpha,search,alta,6.79,1.71,159,1,66.9,7.92,success
660,Delta,payments,critica,9.09,3.1,258,0,95.6,4.18,success
1795,Alpha,api,baja,7.25,2.2,47,0,86.9,25.4,success
2512,Beta,notifications,alta,19.96,4.18,450,2,87.1,4.93,success
3398,Alpha,notifications,critica,5.39,2.86,205,0,92.6,6.2,success
4283,Beta,ui,media,6.87,2.33,78,1,77.7,11.59,success
1148,Beta,ui,baja,10.55,2.2,235,0,95.3,1.5,success
3273,Beta,search,media,9.51,5.85,126,2,75.6,7.88,success
609,Beta,payments,alta,4.63,6.51,88,0,90.1,10.81,failed
3583,Gamma,notifications,alta,13.92,3.49,159,0,84.1,5.26,success
1931,Alpha,api,media,7.5,3.24,385,3,93.3,9.47,success
198,Alpha,ui,critica,29.28,2.37,21,1,82.7,4.12,success
2932,Alpha,ui,critica,2.75,2.98,300,3,82.7,4.5,success
2328,Alpha,payments,alta,5.14,6.62,281,5,92.8,9.41,success
4390,Beta,auth,baja,7.09,2.8,83,0,82.2,4.92,success
767,Gamma,notifications,baja,9.04,2.1,49,0,75.9,22.99,success
4497,Alpha,auth,baja,10.82,2.67,100,2,94.0,9.39,success
4219,Delta,ui,media,5.4,3.05,38,2,66.0,3.65,success
3256,Delta,payments,media,3.58,3.07,145,3,92.2,16.82,success
203,Gamma,auth,baja,9.64,3.34,192,1,84.9,14.74,success
3511,Alpha,ui,media,8.95,5.34,291,0,83.3,6.53,success
1734,Beta,api,baja,13.46,1.79,107,0,,19.93,success
2778,Alpha,payments,media,6.87,5.8,53,0,86.4,10.73,success
1708,Beta,payments,baja,6.12,2.43,42,0,76.5,23.94,success
3475,Gamma,auth,baja,13.53,4.32,66,1,94.9,4.44,success
855,Gamma,api,baja,8.85,5.07,195,0,97.6,6.01,success
4738,Beta,payments,media,7.12,6.73,86,1,78.2,9.23,success
4098,Alpha,api,baja,6.43,5.1,256,1,67.5,6.54,success
2161,Beta,payments,alta,6.85,2.64,52,1,90.6,7.28,success
699,Alpha,auth,alta,6.06,1.9,89,0,82.7,13.87,success
4956,Delta,api,alta,3.83,5.4,146,3,95.7,4.57,rolled_back
3000,Gamma,ui,critica,4.25,5.82,106,1,90.6,4.09,success
3697,Gamma,api,baja,8.83,2.36,188,0,92.7,8.93,success
1637,Alpha,api,baja,5.69,2.97,264,2,96.9,7.82,success
3458,Alpha,auth,critica,5.85,2.57,90,4,84.0,6.6,success
3582,Delta,auth,media,6.36,4.77,49,0,77.8,8.39,success
1292,Gamma,api,alta,8.8,1.96,107,0,90.9,3.83,success
4660,Beta,auth,media,6.26,5.47,151,1,63.9,2.51,success
1854,Delta,ui,media,6.7,4.85,109,0,87.0,8.84,success
3764,Alpha,api,media,1.94,4.06,121,0,98.1,4.36,success
3305,Beta,ui,media,10.16,3.11,81,1,88.0,11.25,success
4921,Delta,payments,media,4.82,2.84,70,0,87.0,13.0,success
3744,Alpha,api,critica,5.62,6.17,247,2,88.4,4.12,success
3446,Alpha,ui,critica,4.84,2.9,94,0,86.1,5.98,success
1999,Beta,api,media,8.89,3.73,50,0,87.8,17.17,success
664,Gamma,notifications,media,8.56,3.16,82,1,84.9,12.57,success
4780,Gamma,notifications,baja,19.17,2.67,30,0,88.1,7.84,success
3749,Alpha,api,media,5.19,4.95,176,0,85.8,14.74,success
4414,Alpha,payments,alta,11.97,7.18,159,0,82.3,4.95,success
4745,Delta,search,alta,4.69,3.63,97,4,62.7,3.46,failed
710,Alpha,auth,media,2.61,2.54,324,2,82.2,9.1,failed
1283,Delta,search,alta,12.34,1.34,317,1,95.9,7.37,success
2676,Beta,notifications,media,6.32,1.82,164,2,89.2,8.28,success
4030,Delta,notifications,alta,8.08,3.81,396,1,88.7,3.53,success
1307,Alpha,search,media,4.97,4.48,100,0,84.8,8.12,success
2238,Gamma,api,baja,10.51,4.3,47,0,94.2,5.5,success
3303,Beta,search,media,7.43,2.65,329,0,84.0,6.04,success
2039,Gamma,notifications,baja,15.29,6.42,46,0,79.7,4.46,success
1530,Beta,auth,baja,9.38,4.18,275,1,82.8,16.24,success
1664,Alpha,ui,media,4.56,5.4,105,0,74.4,13.74,rolled_back
4943,Delta,auth,critica,15.98,3.67,338,2,87.1,6.44,failed
4962,Alpha,auth,media,5.69,2.27,181,1,94.2,5.05,success
3628,Alpha,auth,critica,10.84,2.87,20,2,65.5,1.54,success
2694,Alpha,api,alta,17.03,3.98,38,0,84.4,3.79,success
3061,Beta,api,media,5.35,6.21,276,4,84.5,9.65,success
1598,Alpha,ui,baja,5.21,3.69,135,0,82.4,3.09,success
2730,Delta,search,media,13.53,2.53,450,0,88.7,8.4,success
2626,Alpha,ui,alta,5.79,3.84,68,1,98.0,4.97,success
3158,Alpha,auth,media,8.42,1.42,136,2,92.0,28.23,success
3315,Gamma,search,alta,3.77,3.88,204,2,58.6,0.91,success
1723,Gamma,payments,baja,7.66,4.43,210,2,89.8,15.74,success
1060,Beta,api,media,5.89,2.5,113,0,94.8,8.37,success
4637,Alpha,payments,alta,13.0,3.28,130,1,86.2,2.69,success
3243,Delta,auth,alta,6.57,2.1,95,0,77.9,7.09,success
1679,Delta,search,critica,8.27,6.0,50,2,79.2,2.91,success
1758,Beta,notifications,media,11.58,,79,0,-7.6,5.68,success
4192,Beta,ui,alta,8.48,1.87,12,0,77.6,5.67,success
564,Delta,api,media,3.96,2.39,74,1,98.3,5.35,success
2791,Beta,ui,media,9.02,5.22,198,3,75.2,7.65,success
864,Delta,api,baja,4.45,4.33,65,0,72.0,33.38,success
1485,Beta,api,media,8.69,2.83,143,0,88.7,3.88,success
207,Gamma,api,media,4.35,4.08,23,0,91.0,13.36,success
4489,Delta,auth,alta,7.68,5.88,107,3,69.1,2.9,success
871,Alpha,ui,media,8.9,4.24,40,0,78.8,5.89,success
4494,Gamma,search,media,8.19,2.21,211,1,83.0,5.98,success
503,Delta,payments,baja,10.25,3.58,174,0,87.7,8.54,success
1029,Beta,api,baja,9.64,4.32,65,0,93.6,,success
3841,Beta,ui,baja,5.56,2.25,115,1,93.2,7.24,success
2691,Delta,ui,baja,2.55,3.61,56,0,72.3,4.65,success
1571,Beta,search,critica,8.34,1.83,51,0,84.9,1.62,success
2774,Alpha,payments,baja,6.75,4.92,91,1,95.6,6.41,success
2732,Gamma,ui,alta,8.33,,117,0,78.9,11.29,success
805,Gamma,payments,alta,11.89,4.59,91,0,78.8,8.29,success
3646,Alpha,notifications,media,14.9,4.76,139,0,76.3,15.68,success
2455,Gamma,auth,baja,9.19,4.35,381,0,96.8,27.85,success
4599,Delta,notifications,baja,9.58,2.45,108,1,77.1,6.94,failed
3105,Gamma,ui,baja,9.2,4.79,266,0,76.1,5.09,success
4876,Gamma,ui,media,5.67,3.72,162,5,82.3,11.12,rolled_back
201,Beta,api,media,7.33,3.06,287,4,92.2,3.02,success
3100,Alpha,api,alta,5.63,4.9,182,2,83.7,6.14,success
2279,Beta,payments,media,12.17,6.19,110,2,95.0,6.52,success
3562,Alpha,ui,baja,6.14,1.93,105,0,70.1,20.07,success
4475,Beta,auth,critica,5.85,3.66,136,1,85.4,2.95,success
4515,Delta,payments,baja,9.02,1.81,171,3,83.8,7.93,success
392,Beta,ui,alta,7.03,2.17,154,0,89.5,2.19,success
1496,Delta,payments,media,11.67,3.11,24,0,91.0,12.09,success
2696,Alpha,search,media,9.43,3.42,208,1,80.6,8.3,success
2028,Gamma,payments,baja,8.0,2.2,56,0,92.4,8.58,success
2569,Gamma,ui,media,11.05,4.04,62,0,89.2,4.82,success
65,Gamma,notifications,media,5.96,1.54,213,2,87.3,12.35,success
3885,Gamma,api,baja,8.06,2.53,162,0,95.2,8.68,success
2063,Beta,payments,media,6.23,1.54,20,0,94.6,3.33,success
493,Alpha,ui,media,7.74,6.91,174,1,89.4,6.72,success
380,Alpha,notifications,media,6.79,6.14,400,2,82.3,8.39,success
4860,Beta,ui,alta,5.9,4.17,76,1,94.4,8.02,success
3994,Delta,api,baja,5.83,2.51,105,1,71.9,22.74,success
4888,Alpha,auth,baja,12.88,5.11,83,0,88.3,11.18,success
1077,Beta,ui,media,7.54,4.06,104,0,92.6,7.27,success
879,Beta,payments,media,8.0,4.02,104,1,64.4,19.11,success
338,Alpha,payments,media,6.78,1.89,268,0,75.2,6.33,success
1017,Gamma,search,alta,6.82,2.14,73,1,89.6,8.99,success
1276,Alpha,payments,alta,14.0,0.81,311,0,75.1,15.88,success
3799,Beta,payments,media,5.12,3.31,63,1,80.1,7.76,success
4552,Gamma,notifications,alta,12.31,2.82,172,0,73.5,3.45,success
3343,Beta,notifications,baja,3.14,2.39,22,0,88.4,8.06,success
4912,Alpha,auth,alta,6.19,1.53,62,0,88.5,5.13,success
996,Alpha,api,baja,8.67,3.06,69,1,67.1,13.22,success
1982,Alpha,payments,media,17.45,3.18,154,1,86.8,9.83,success
4298,Alpha,payments,baja,10.52,2.04,103,1,71.7,13.89,success
162,Gamma,search,baja,20.76,5.86,95,0,82.8,29.38,success
4799,Alpha,ui,baja,7.41,2.19,335,2,85.5,8.77,rolled_back
1501,Beta,ui,media,10.16,,93,1,79.4,5.52,success
3844,Gamma,auth,media,9.5,5.03,100,1,77.6,2.87,success
2614,Beta,auth,media,5.71,3.33,52,0,89.0,3.63,success
3462,Alpha,notifications,baja,4.97,2.89,93,0,86.9,31.77,success
1022,Beta,auth,alta,6.12,6.51,289,0,59.7,6.07,success
3074,Alpha,api,alta,8.87,4.26,22,1,94.8,4.76,success
3944,Alpha,search,alta,7.68,6.23,129,1,87.9,,success
1586,Gamma,payments,critica,4.29,4.87,114,1,88.0,1.37,rolled_back
1956,Delta,search,alta,9.72,4.95,140,0,81.8,5.09,success
3153,Beta,search,media,7.43,4.92,77,1,80.9,1.39,success
35,Gamma,auth,critica,9.46,2.65,63,0,84.2,4.11,success
4015,Alpha,api,media,12.72,5.02,277,2,88.5,9.49,success
776,Delta,ui,alta,11.9,4.48,69,1,83.5,2.32,success
2557,Alpha,api,critica,3.49,3.6,214,2,71.0,2.72,success
1479,Alpha,auth,alta,6.8,5.51,93,1,77.9,,success
1364,Gamma,auth,media,14.54,2.71,69,1,88.0,17.01,success
2613,Beta,api,alta,5.51,3.14,49,0,81.8,4.07,success
2825,Gamma,ui,alta,6.08,2.5,279,1,81.4,4.37,success
2042,Beta,api,media,7.97,3.43,198,2,77.5,9.72,success
242,Alpha,search,media,20.79,4.33,418,0,83.5,3.87,success
2062,Delta,notifications,critica,5.25,3.34,450,2,92.6,7.53,success
2364,Beta,api,media,7.83,3.29,86,2,96.4,4.36,success
601,Alpha,ui,alta,3.62,3.04,148,0,89.9,5.23,success
2436,Delta,payments,media,7.97,4.79,115,1,85.5,2.82,success
2889,Delta,auth,baja,5.91,3.96,125,0,87.7,7.87,success
647,Beta,api,alta,7.09,4.48,296,2,81.1,16.42,success
3891,Beta,payments,media,4.03,3.52,58,1,81.2,10.69,success
3557,Delta,api,baja,14.13,1.7,20,0,90.3,10.21,success
3203,Gamma,ui,media,16.35,3.34,82,0,90.0,22.28,success
1529,Beta,ui,critica,9.25,2.16,363,3,78.3,5.57,success
1268,Delta,ui,media,5.9,2.5,61,0,81.1,5.45,success
1900,Beta,search,baja,2.92,2.96,55,0,91.7,14.09,success
4659,Beta,notifications,critica,9.63,2.36,54,4,,8.08,success
3006,Delta,auth,baja,10.22,5.75,141,0,92.9,27.27,success
2735,Alpha,search,alta,2.96,3.3,111,0,96.0,2.58,success
190,Delta,ui,critica,19.35,3.15,115,5,71.9,4.13,success
1807,Delta,ui,baja,7.95,3.52,71,0,82.2,27.44,success
976,Beta,api,baja,4.13,4.58,84,0,90.5,8.4,success
2748,Gamma,ui,baja,11.76,1.79,74,0,87.1,8.89,success
2048,Beta,ui,alta,7.27,2.55,50,0,94.2,4.19,success
2559,Beta,auth,media,7.54,3.1,216,2,91.7,11.06,success
1083,Alpha,search,baja,4.02,2.75,25,0,89.9,11.11,success
475,Gamma,ui,baja,7.75,2.92,95,0,91.7,34.15,success
2905,Alpha,search,alta,2.44,2.13,34,1,88.5,18.08,success
4844,Beta,api,media,7.52,1.69,188,2,79.0,10.41,success
4118,Alpha,auth,baja,7.84,2.69,31,0,92.2,6.41,success
3386,Beta,ui,baja,13.4,2.27,72,1,97.3,18.3,success
4556,Gamma,search,baja,3.45,3.51,74,0,74.9,8.05,success
1185,Beta,search,media,5.22,3.92,56,0,81.1,16.6,success
2434,Alpha,ui,media,8.24,4.38,119,3,79.5,3.99,success
2392,Gamma,ui,baja,17.09,3.41,132,2,70.6,9.69,success
770,Gamma,api,media,4.34,2.15,61,0,88.0,5.59,success
1686,Beta,api,media,7.49,3.23,176,2,93.0,2.72,success
131,Beta,notifications,baja,6.74,2.7,94,0,86.3,10.09,success
2920,Alpha,notifications,alta,7.36,9.89,175,2,94.4,8.87,success
3172,Delta,payments,critica,4.74,1.65,94,3,88.4,3.24,success
3445,Beta,ui,baja,4.25,4.77,151,0,94.3,11.1,success
4427,Beta,api,media,8.59,3.61,119,2,64.4,22.4,rolled_back
467,Alpha,ui,media,5.95,2.36,172,1,84.8,8.04,success
3093,Beta,search,alta,5.14,2.42,395,2,88.7,1.98,success
3773,Delta,auth,alta,14.42,4.01,118,2,82.0,3.84,success
861,Alpha,api,alta,4.14,2.84,49,1,85.9,4.62,success
